training/grad/max,training/grad/min,training/grad/norm,training/high_actor/actor_loss,training/high_actor/adv,training/high_actor/bc_log_prob,training/high_actor/mse,training/high_actor/std,training/low_actor/actor_loss,training/low_actor/adv,training/low_actor/bc_log_prob,training/low_actor/mse,training/low_actor/std,training/value/v_max,training/value/v_mean,training/value/v_min,training/value/value_loss,validation/high_actor/actor_loss,validation/high_actor/adv,validation/high_actor/bc_log_prob,validation/high_actor/mse,validation/high_actor/std,validation/low_actor/actor_loss,validation/low_actor/adv,validation/low_actor/bc_log_prob,validation/low_actor/mse,validation/low_actor/std,validation/value/v_max,validation/value/v_mean,validation/value/v_min,validation/value/value_loss,time/epoch_time,time/total_time,step
4.9210396,-5.094112,122.94477,278.41077,0.99234915,-10.119997,0.1861223,1.0,121.48323,0.825227,-4.6533914,0.023479423,1.0,0.18746816,-16.622011,-25.728018,0.5576383,266.3088,0.81428444,-10.165421,0.19520697,1.0,127.95407,0.851701,-4.655794,0.024440594,1.0,0.1687809,-17.107073,-25.736057,0.43628046,0.020619739198684692,103.09870314598083,5000
8.670848,-5.3296137,133.6364,522.1986,1.244304,-9.927866,0.14769612,1.0,117.42616,0.79330903,-4.6564794,0.024714569,1.0,0.49049047,-25.331158,-43.46415,0.71221757,531.4779,1.3256032,-9.907946,0.14371216,1.0,130.49683,0.85168874,-4.645542,0.020339875,1.0,0.2579756,-25.542362,-43.31437,0.85293305,0.003810367727279663,122.15054655075073,10000
5.901408,-2.964663,153.05026,620.73425,2.045701,-9.728774,0.107877806,1.0,137.47101,0.96142304,-4.645954,0.020504659,1.0,0.16553551,-31.118464,-56.901665,1.0925379,603.8075,1.4599826,-9.842815,0.13068603,1.0,134.26913,0.9026331,-4.63964,0.017978765,1.0,0.2765286,-30.337631,-56.774944,1.6830189,0.003811853885650635,141.20981979370117,15000
5.415017,-2.3620362,129.01651,646.03705,1.9124762,-9.740706,0.11026428,1.0,132.33607,0.9071578,-4.6424236,0.019092565,1.0,0.44345787,-34.47717,-67.32211,2.1287704,655.7346,1.4494607,-9.756424,0.11340781,1.0,123.786835,0.8508322,-4.646529,0.020734651,1.0,0.22589347,-34.45735,-67.29547,1.8563678,0.0038242515563964843,160.33108019828796,20000
6.231602,-8.271426,210.33055,658.0693,1.9994749,-9.746193,0.1113615,1.0,128.61166,0.93270034,-4.6404057,0.018285159,1.0,0.16122136,-36.359955,-75.513565,1.272663,663.24963,1.6359949,-9.756499,0.11342295,1.0,138.01581,0.99657583,-4.6362467,0.016621508,1.0,0.1600329,-36.304977,-75.45889,2.1270742,0.0038286393642425537,179.47428035736084,25000
4.1769915,-3.254894,198.2843,672.7202,2.0902543,-9.63341,0.088805124,1.0,120.78961,0.93095505,-4.6408234,0.018452397,1.0,0.27952468,-38.461544,-81.79422,2.89891,665.0958,1.9443063,-9.692936,0.10071,1.0,118.54556,0.9281285,-4.63738,0.017074913,1.0,0.32199705,-36.687782,-81.720055,2.1844783,0.0038348242282867434,198.6484091281891,30000
14.577309,-18.780071,256.27344,664.0873,1.5005399,-9.852812,0.13268523,1.0,131.84444,0.8751921,-4.6315584,0.014746328,1.0,0.30547673,-37.497467,-86.73419,2.2084053,691.43567,2.0309534,-9.858913,0.13390581,1.0,129.21951,0.91989625,-4.6390667,0.01774977,1.0,0.26331228,-36.557205,-86.65929,2.655682,0.003832866668701172,217.81274676322937,35000
3.2313488,-4.6679897,137.56245,649.8535,1.5105257,-9.613451,0.08481335,1.0,111.40718,0.79953,-4.6467524,0.020823944,1.0,0.20610058,-39.277695,-90.30529,1.7790248,672.0143,1.823312,-9.649643,0.09205142,1.0,111.55026,0.8465395,-4.638607,0.0175659,1.0,0.20347495,-39.24157,-90.27276,1.2365584,0.0038370564460754393,236.99803161621094,40000
4.950558,-3.301314,146.7392,641.68933,1.5682023,-9.631826,0.088488325,1.0,94.51974,0.7858725,-4.6358004,0.016443057,1.0,0.19167355,-41.16018,-92.95758,1.6932524,664.45905,1.5919952,-9.647215,0.0915658,1.0,98.73539,0.77411675,-4.630764,0.014428607,1.0,0.14138505,-40.804695,-93.16712,1.5427113,0.0038432958602905272,256.2145137786865,45000
2.6939828,-4.1794853,147.45732,668.4686,1.7394199,-9.595066,0.08113607,1.0,108.68625,0.89537257,-4.6370153,0.01692917,1.0,0.12827381,-40.345284,-95.341736,2.2542808,672.1769,2.0312202,-9.600942,0.08231132,1.0,112.784805,0.84705037,-4.6463566,0.020665633,1.0,0.0771184,-41.58367,-95.45923,1.7041728,0.0038473260402679442,275.4511468410492,50000
4.09589,-4.776946,180.97932,683.49524,2.0725873,-9.560562,0.07423548,1.0,108.94498,0.8081479,-4.637357,0.017065946,1.0,0.25142857,-38.797302,-96.70822,3.0347426,694.7206,1.9765352,-9.593451,0.08081311,1.0,98.32951,0.81124187,-4.633275,0.015433026,1.0,0.23195799,-39.03234,-96.588585,2.3240561,0.003925991344451905,295.0811061859131,55000
3.210141,-3.094682,148.48833,653.49756,1.1638029,-9.600981,0.08231916,1.0,105.497086,0.8756345,-4.63293,0.015294758,1.0,0.16521102,-41.89125,-98.0388,2.241892,675.19775,1.6947852,-9.606695,0.08346202,1.0,103.3013,0.85064733,-4.645331,0.020255415,1.0,0.20689122,-41.14239,-97.89888,1.7584591,0.0039010605335235596,314.58641171455383,60000
4.075426,-3.4780874,118.18023,668.2905,1.877444,-9.5791025,0.07794341,1.0,121.639175,0.87841505,-4.6340027,0.015724242,1.0,0.24013054,-41.72459,-98.76459,1.9734344,705.81964,2.188952,-9.565238,0.07517054,1.0,110.12068,0.85517395,-4.626686,0.012797504,1.0,0.25680274,-40.618668,-98.6558,1.143638,0.003947051334381104,334.32167506217957,65000
8.518865,-6.552144,177.78978,669.7439,1.8077517,-9.685472,0.09921731,1.0,123.70813,0.8912753,-4.638215,0.017408913,1.0,0.24529572,-41.254288,-99.1349,1.8530546,679.9921,1.6642067,-9.698856,0.10189426,1.0,134.16852,0.9247437,-4.6340513,0.015743537,1.0,0.25341886,-40.777893,-99.11218,2.6879103,0.003979389953613281,354.2186303138733,70000
3.2316513,-2.5864167,186.97247,663.58466,1.645804,-9.593277,0.080778375,1.0,105.49315,0.8426935,-4.6308537,0.01446448,1.0,0.2496441,-40.872795,-99.532074,2.4774153,664.24634,1.3857574,-9.6368,0.08948297,1.0,119.455124,0.87194973,-4.632263,0.0150283575,1.0,0.17954609,-41.656868,-99.586624,2.3605657,0.0038700753211975097,373.5690107345581,75000
3.5758648,-2.5899687,128.42233,678.4407,1.7886183,-9.55072,0.07226699,1.0,104.98943,0.82189506,-4.631692,0.014799836,1.0,0.14638755,-41.00019,-100.041664,1.8698255,661.1101,1.3435993,-9.585516,0.07922629,1.0,106.98426,0.80019224,-4.63282,0.015250916,1.0,0.17958808,-40.660076,-99.95297,1.1386993,0.0038201555728912353,392.66979360580444,80000
3.7529128,-4.3948946,117.165726,657.4591,1.8038471,-9.601671,0.08245714,1.0,102.78747,0.8250333,-4.6314993,0.01472259,1.0,0.36293164,-42.514366,-99.976685,1.4684426,675.4586,1.8196243,-9.606172,0.08335734,1.0,105.13298,0.86048275,-4.6331,0.015362929,1.0,0.21784694,-40.422638,-100.170166,1.5946419,0.003820094871520996,411.7702736854553,85000
1.2654779,-2.119559,99.99964,673.1271,2.036378,-9.54903,0.07192901,1.0,117.22234,0.8742205,-4.634865,0.016068898,1.0,0.21435915,-42.359848,-100.24034,1.415184,655.8174,1.5882745,-9.579945,0.0781118,1.0,121.93325,0.8663416,-4.63336,0.015466881,1.0,0.2384698,-42.6731,-100.10777,1.8459837,0.00380993275642395,430.8199408054352,90000
6.3197722,-6.829015,176.93384,671.99646,1.759746,-9.603032,0.08272939,1.0,114.47601,0.86182034,-4.630956,0.014505376,1.0,0.20531121,-42.50994,-100.190315,2.1885018,653.8104,1.5366772,-9.594084,0.08093995,1.0,117.9559,0.9318954,-4.6383276,0.01745396,1.0,0.3127454,-42.29129,-100.075325,2.0460083,0.003824828338623047,449.94408559799194,95000
2.8974187,-2.8854275,170.1533,666.03687,2.0043356,-9.604075,0.08293804,1.0,101.65262,0.88095045,-4.636368,0.01667012,1.0,0.18273133,-40.842155,-100.193634,2.8992138,665.12354,1.7788758,-9.626965,0.08751585,1.0,99.28317,0.7489811,-4.630801,0.014443529,1.0,0.20311537,-41.191593,-100.0753,2.1639686,0.003820619821548462,469.0471901893616,100000
2.670961,-3.1016562,153.85666,654.285,1.3883123,-9.621244,0.08637174,1.0,116.85031,0.86938024,-4.6389523,0.017703846,1.0,0.15139584,-41.434425,-100.38588,1.4927443,687.29755,1.853217,-9.581638,0.078450456,1.0,114.33506,0.9280784,-4.633319,0.015450745,1.0,0.36423177,-41.6373,-100.49484,1.468005,0.017870278120040894,558.398583650589,105000
4.621334,-3.8132663,145.42537,691.1199,2.0663626,-9.568242,0.07577137,1.0,105.86726,0.8425216,-4.63413,0.01577494,1.0,0.40334445,-41.94604,-100.14015,1.8193156,676.80066,1.8294997,-9.618988,0.08592047,1.0,115.532974,0.8983532,-4.640085,0.01815694,1.0,0.23018184,-42.584602,-100.357925,2.3588037,0.0038029376029968262,577.4132740497589,110000
2.022046,-2.84224,100.3111,694.11206,2.2373698,-9.607786,0.083680145,1.0,106.56691,0.8759048,-4.6295977,0.013962189,1.0,0.12948093,-41.395157,-100.5789,1.7445147,676.06226,1.8597099,-9.6488285,0.09188864,1.0,105.39746,0.83598614,-4.637487,0.01711767,1.0,0.12919998,-43.234394,-100.374825,1.7897037,0.0038043019771575926,596.434788942337,115000
3.2450674,-2.6051345,104.084045,675.427,1.9836674,-9.546233,0.07136964,1.0,113.54542,0.83877283,-4.630273,0.014232089,1.0,0.12118562,-41.999317,-100.49133,1.0523446,656.9155,1.5421481,-9.641624,0.090447925,1.0,114.96744,0.85249066,-4.630697,0.014401692,1.0,0.1149029,-42.306423,-100.42008,2.6026487,0.003798426818847656,615.4269263744354,120000
2.3580418,-1.684699,90.59367,664.08813,1.8079686,-9.575214,0.077165775,1.0,109.79083,0.879611,-4.6294756,0.013913219,1.0,0.15154023,-41.987263,-100.29942,1.5454061,684.6936,1.5339406,-9.57762,0.0776469,1.0,105.70354,0.8141954,-4.6279597,0.013306891,1.0,0.24066064,-41.532013,-100.39076,1.2785466,0.0037946282863616943,634.4000720977783,125000
3.9778075,-3.0327632,95.3226,678.5729,1.7112181,-9.593532,0.080829255,1.0,119.13414,0.7897884,-4.6300387,0.014138487,1.0,0.21044996,-42.82435,-100.225006,1.3899162,693.2702,1.8047457,-9.575121,0.077147216,1.0,114.001915,0.80087554,-4.6312556,0.014625179,1.0,0.22667822,-41.727722,-100.33124,1.3820214,0.003783306884765625,653.316609621048,130000
4.0208454,-4.539118,162.86646,669.06177,1.8792099,-9.533854,0.06889378,1.0,111.06177,0.9244578,-4.6300755,0.01415312,1.0,0.17493245,-43.52383,-100.540375,1.9074671,705.3125,2.3302593,-9.535521,0.069226936,1.0,108.73462,0.84672403,-4.634607,0.015965525,1.0,0.20419483,-42.43936,-100.42531,2.171689,0.0037946776866912843,672.2900025844574,135000
4.7121763,-3.652,107.78781,682.51263,2.1667783,-9.52222,0.06656697,1.0,112.31656,0.9350735,-4.6303425,0.014260086,1.0,0.14186394,-43.526566,-100.16113,1.6126369,672.2611,1.496809,-9.559693,0.07406161,1.0,106.167435,0.8439168,-4.6351256,0.016173167,1.0,0.09744921,-42.0366,-100.32924,1.6174955,0.0038084927082061766,691.332469701767,140000
2.3493004,-4.403401,106.05113,693.39124,2.271037,-9.594985,0.08111987,1.0,109.43019,0.8417772,-4.6293645,0.013868803,1.0,0.27625656,-40.450275,-100.20378,1.8346665,662.21155,1.5402025,-9.6325245,0.088627666,1.0,107.15862,0.8476137,-4.6349382,0.01609839,1.0,0.1662274,-41.19857,-100.24894,1.5802702,0.00380269775390625,710.3459615707397,145000
5.195753,-4.817079,136.41287,678.8347,1.9150367,-9.527588,0.06764062,1.0,116.90694,0.94187665,-4.632862,0.015267876,1.0,0.1999733,-42.062653,-100.207436,1.3133004,693.324,1.9786792,-9.577123,0.077547416,1.0,122.60147,0.8732073,-4.633582,0.015555809,1.0,0.9514959,-43.495697,-100.20483,1.4899817,0.003799266719818115,729.3422994613647,150000
1.7438267,-2.1000183,85.342804,669.2279,1.7392112,-9.558403,0.07380371,1.0,102.0647,0.81357634,-4.6331706,0.015391052,1.0,0.20156476,-41.7453,-100.317795,1.1200778,687.4015,2.0252662,-9.596336,0.08139024,1.0,99.054054,0.79851943,-4.6306834,0.014396389,1.0,1.2138705,-41.503174,-100.25662,1.5688238,0.0037985695362091065,748.3351500034332,155000
4.4999747,-2.4093184,105.69942,681.79346,1.6306794,-9.5882225,0.07976752,1.0,110.6982,0.8400326,-4.6263275,0.012653987,1.0,0.19729576,-41.715385,-99.98682,1.8106081,686.97107,1.9459449,-9.633241,0.08877112,1.0,105.79733,0.7916596,-4.633836,0.015657175,1.0,0.30101335,-41.20259,-99.956764,2.2825093,0.0038276224613189697,767.4732649326324,160000
6.1671267,-5.8014836,176.35619,696.7827,1.896845,-9.561006,0.07432412,1.0,110.30649,0.8498086,-4.632307,0.015045816,1.0,0.15960735,-42.585583,-100.02115,1.4116383,688.96533,2.1556745,-9.612431,0.0846092,1.0,113.05508,0.8574785,-4.632866,0.015269217,1.0,0.12035691,-42.26779,-99.856766,1.4507915,0.0037111971378326414,786.0292534828186,165000
5.845181,-5.137486,136.33713,665.3271,1.5849266,-9.643549,0.0908328,1.0,114.76288,0.88095635,-4.6272726,0.013032101,1.0,0.29211426,-42.21512,-100.368164,1.9329786,684.8573,1.8478636,-9.695831,0.10128944,1.0,108.107605,0.85518837,-4.629616,0.013969185,1.0,0.11939864,-43.204967,-100.28264,2.0697691,0.003707022476196289,804.5643699169159,170000
1.5846198,-2.9123037,100.29968,663.97534,1.7477725,-9.559647,0.07405214,1.0,118.81607,0.9231032,-4.630598,0.014362285,1.0,0.25365672,-42.320972,-100.19675,1.3606136,662.9259,1.8993251,-9.602832,0.08268931,1.0,125.24975,0.876912,-4.635013,0.016128292,1.0,0.124616995,-41.82721,-100.06871,1.7026783,0.0037044131755828856,823.086439371109,175000
4.3305078,-4.250498,140.9525,668.54443,1.5107036,-9.563601,0.074843064,1.0,106.94072,0.865343,-4.6278887,0.013278556,1.0,0.03198176,-42.387184,-100.12187,1.5126504,665.50977,1.7219634,-9.582186,0.07856007,1.0,101.62608,0.80411196,-4.633375,0.015472968,1.0,0.2545585,-42.372826,-100.098755,2.808793,0.0037102587223052977,841.6377370357513,180000
4.0888443,-4.869269,131.04788,683.76086,1.9460027,-9.637455,0.08961396,1.0,119.611435,0.8975631,-4.628163,0.013388186,1.0,0.10107073,-43.413857,-99.8909,1.2399125,672.32385,1.6763617,-9.62561,0.08724512,1.0,118.20683,0.9482906,-4.626982,0.01291579,1.0,0.036738515,-41.660213,-99.81426,2.2617521,0.003705056810379028,860.1630244255066,185000
2.0750144,-1.8818061,94.438095,671.87164,1.7690585,-9.60667,0.083457075,1.0,120.42731,0.8788156,-4.625244,0.012220502,1.0,0.2763397,-42.1526,-100.21794,1.7099016,692.974,2.08613,-9.6528845,0.092699856,1.0,122.53217,0.95062506,-4.6273365,0.01305746,1.0,0.25114942,-43.11151,-100.21571,2.0579116,0.003714802074432373,878.7370376586914,190000
2.3221936,-3.1091177,117.882675,674.67163,1.6456535,-9.589339,0.07999076,1.0,116.32112,0.80562174,-4.6307163,0.014409358,1.0,0.24207595,-42.640465,-100.06505,1.7550895,706.64764,1.9872768,-9.67953,0.09802893,1.0,120.5883,0.89186394,-4.6300974,0.014161906,1.0,0.124259934,-42.49,-99.87474,2.1960998,0.003714415502548218,897.3091185092926,195000
9.113786,-8.158345,147.36069,693.90967,2.1461668,-9.553675,0.07285776,1.0,123.19888,0.8864156,-4.628188,0.013398218,1.0,0.2015197,-43.040104,-100.16589,1.2671719,668.7713,1.6366582,-9.627771,0.08767718,1.0,112.18578,0.8688924,-4.63616,0.016586827,1.0,0.3092636,-45.630566,-100.14125,2.2740386,0.003707783317565918,915.8480379581451,200000
7.373563,-6.6930065,148.2196,672.8497,1.6571867,-9.592209,0.08056453,1.0,98.43704,0.8220358,-4.6292124,0.013807929,1.0,0.14393911,-42.445724,-100.18236,1.4425049,689.986,1.6812723,-9.623967,0.08691653,1.0,100.900406,0.83947635,-4.632605,0.015165009,1.0,0.11629641,-44.59223,-100.01132,1.4010582,0.017470708990097047,1003.2015869617462,205000
3.0180326,-2.510996,106.98131,680.7499,1.8004255,-9.556009,0.0733248,1.0,106.77724,0.8113009,-4.625168,0.012190156,1.0,0.15590638,-42.855484,-100.04314,2.4039016,684.85205,1.8259354,-9.59033,0.08018898,1.0,107.929276,0.79926443,-4.6396327,0.017975971,1.0,0.11236148,-43.72474,-100.153336,1.8248148,0.003696527624130249,1021.684228181839,210000
4.448132,-4.5190163,142.60277,679.03394,2.0633135,-9.554003,0.07292356,1.0,113.73781,0.91271627,-4.63227,0.015030945,1.0,0.042605348,-41.873768,-100.027725,1.7583579,690.2147,1.8024217,-9.597467,0.08161643,1.0,111.7312,0.8599812,-4.630241,0.014219338,1.0,0.044314675,-42.844906,-99.97052,1.8217074,0.0037160345554351805,1040.2644038200378,215000
3.5760744,-4.1035194,104.01028,689.9334,1.7606213,-9.578129,0.07774871,1.0,112.95463,0.8820876,-4.6307526,0.014424058,1.0,0.26398933,-43.01393,-99.93179,1.8205131,679.526,1.6626774,-9.64003,0.09012897,1.0,105.01329,0.82149756,-4.633611,0.015567406,1.0,0.2803266,-42.988388,-100.07147,1.2005422,0.003716834497451782,1058.8485794067383,220000
5.130046,-4.9289045,140.73296,690.99054,1.767581,-9.586103,0.079343855,1.0,96.87006,0.8033694,-4.6282945,0.013440742,1.0,0.20494166,-41.967026,-99.98874,1.7869632,704.52563,1.9666848,-9.62096,0.086315036,1.0,94.152664,0.8310611,-4.6356754,0.016393155,1.0,0.19059426,-42.560486,-99.85211,1.7589278,0.003705041313171387,1077.373788356781,225000
2.4880598,-2.411046,85.33643,689.50793,2.0404763,-9.630714,0.08826589,1.0,119.192894,0.89200807,-4.625566,0.012349389,1.0,0.7240879,-42.748856,-99.9702,1.6005323,693.91943,1.9379946,-9.648544,0.09183178,1.0,117.48406,0.8706485,-4.6305156,0.014329298,1.0,0.16396669,-41.298748,-99.93323,1.961148,0.003713342809677124,1095.9405057430267,230000
3.5450494,-3.2189345,95.78148,702.73035,2.316063,-9.530281,0.068179004,1.0,112.47082,0.85592175,-4.632866,0.015269409,1.0,0.09314709,-44.26287,-100.14652,1.1542046,686.5518,1.9289329,-9.583654,0.07885373,1.0,112.66459,0.8465675,-4.638263,0.017428348,1.0,0.12099533,-43.15017,-100.09749,1.4541984,0.0037067051410675047,1114.4740359783173,235000
1.9959005,-2.7081385,95.86872,670.50964,1.729944,-9.606483,0.083419606,1.0,122.88793,0.9315348,-4.625194,0.012200593,1.0,0.16409835,-44.133705,-99.86534,1.563649,682.55273,1.8267182,-9.617544,0.08563175,1.0,129.1914,0.9051531,-4.63585,0.016462743,1.0,0.13456368,-43.981667,-99.98845,1.6645697,0.0037054447174072265,1133.001262664795,240000
2.322712,-3.2383826,88.985,687.9934,2.0041764,-9.554686,0.07306005,1.0,107.15263,0.863178,-4.6255016,0.012323583,1.0,0.078481935,-42.646317,-100.03851,1.1742706,687.0128,1.9254686,-9.634445,0.08901212,1.0,105.71202,0.8282957,-4.6328173,0.015249885,1.0,0.39537114,-40.686672,-99.88876,1.0700326,0.0037111979007720948,1151.5572550296783,245000
1.7157228,-2.4655895,100.0253,679.37756,1.8396635,-9.543995,0.07092182,1.0,101.82785,0.8541095,-4.6236835,0.011596333,1.0,0.16454461,-44.381783,-99.89613,1.9607279,695.19507,1.9973955,-9.64719,0.09156096,1.0,111.26337,0.85876703,-4.6342907,0.015839124,1.0,0.24697998,-42.132507,-99.776,1.6801854,0.0037121516704559324,1170.118019104004,250000
5.232026,-6.734619,111.68414,657.7919,1.4276645,-9.572212,0.076565415,1.0,107.78653,0.83376527,-4.6273117,0.013047664,1.0,0.18859386,-43.821716,-99.80541,1.5687621,688.5582,1.7937458,-9.644726,0.0910682,1.0,105.75003,0.7836067,-4.6321,0.014963159,1.0,0.15327296,-42.77168,-99.97048,1.5645316,0.0037138522624969483,1188.6872837543488,255000
3.313044,-4.031497,104.86936,657.0126,1.5791323,-9.580498,0.0782226,1.0,106.44723,0.82935524,-4.634183,0.015796123,1.0,0.15707517,-42.48496,-100.212166,2.0928986,676.82404,1.5797212,-9.642788,0.09068049,1.0,106.520035,0.8639388,-4.634165,0.015788887,1.0,0.24529439,-42.324814,-100.05173,2.1839714,0.0037075018882751463,1207.224796295166,260000
5.161012,-3.7581584,96.40565,674.75684,1.6856444,-9.571764,0.07647573,1.0,113.54768,0.8447427,-4.623041,0.011339509,1.0,0.068726115,-41.455162,-99.87038,1.3328152,670.61304,1.7730011,-9.631905,0.088503994,1.0,107.860306,0.9079675,-4.6318965,0.014881521,1.0,0.07437049,-40.93309,-99.98013,1.2860873,0.003704717540740967,1225.7483866214752,265000
5.0183086,-5.177187,125.3979,674.9576,1.7242243,-9.579659,0.078054704,1.0,101.397125,0.84392774,-4.625263,0.0122281015,1.0,0.19140741,-45.415802,-99.9814,2.7478924,705.3485,2.010983,-9.623295,0.0867819,1.0,108.69411,0.88782704,-4.6354585,0.016306316,1.0,0.34241465,-42.612103,-99.82359,2.0159242,0.003706758451461792,1244.2821826934814,270000
4.113415,-2.7409446,148.3915,665.2042,1.5250115,-9.567089,0.07554067,1.0,87.10737,0.7764333,-4.623152,0.01138369,1.0,0.09722433,-45.28704,-99.94078,2.8549082,697.7926,2.2317944,-9.590681,0.08025914,1.0,96.11194,0.85085714,-4.6299305,0.014095274,1.0,0.14491832,-43.059208,-99.93669,1.2321804,0.0037111273288726807,1262.8378219604492,275000
2.359178,-2.5638804,99.35141,669.2545,1.7835412,-9.550727,0.072268315,1.0,103.52495,0.82174605,-4.6281404,0.013379091,1.0,0.15498435,-41.247807,-99.76462,1.1715679,699.13086,2.1481624,-9.585224,0.07916776,1.0,99.14383,0.8088008,-4.6339564,0.015705628,1.0,0.18197873,-41.842377,-99.90592,2.2661533,0.0037105968952178955,1281.3908100128174,280000
9.7782345,-10.386229,158.90767,673.0869,1.8152773,-9.609262,0.08397551,1.0,106.92046,0.8940681,-4.6291842,0.013796619,1.0,0.10933412,-41.91639,-99.97856,1.4440873,673.4907,1.3798088,-9.621155,0.086353816,1.0,102.59436,0.88270354,-4.631188,0.0145980865,1.0,0.1910183,-43.083797,-99.75924,1.2104023,0.003706220006942749,1299.9219126701355,285000
3.6140578,-3.8377666,122.43874,697.9087,2.1735477,-9.593229,0.08076876,1.0,113.427574,0.8471627,-4.625514,0.012328577,1.0,0.12561128,-43.52801,-100.22385,1.9023428,689.54504,2.0378222,-9.630486,0.08822017,1.0,109.83836,0.8352161,-4.6374474,0.017101837,1.0,0.2330859,-43.411674,-99.86816,1.426342,0.0037143166065216064,1318.493498802185,290000
2.1719055,-2.3298264,70.702866,682.1177,1.6975527,-9.543251,0.07077329,1.0,98.04111,0.7818252,-4.6256104,0.012367298,1.0,0.14113063,-42.81568,-99.79903,0.84167504,669.40424,1.6175594,-9.601023,0.082327425,1.0,99.79786,0.7939648,-4.6355667,0.016349727,1.0,0.13524395,-43.116146,-99.86113,1.1977237,0.003721671009063721,1337.1018567085266,295000
4.1540866,-3.222345,83.294556,704.4973,2.3738933,-9.556236,0.073370196,1.0,109.449524,0.8231027,-4.6252813,0.012235315,1.0,0.4294172,-44.619255,-99.96657,1.6130443,702.92676,2.0546749,-9.654091,0.09294122,1.0,108.14099,0.8224777,-4.6354218,0.016291505,1.0,0.06424831,-43.106533,-99.91513,1.760063,0.0037097007751464846,1355.6503632068634,300000
2.1555002,-2.5663764,76.86221,656.1008,1.6278095,-9.609953,0.08411342,1.0,96.93939,0.7717624,-4.6278872,0.0132779125,1.0,0.34551203,-42.36875,-99.868454,1.0877833,694.271,1.982647,-9.640266,0.09017607,1.0,102.72662,0.8287928,-4.6394434,0.017900405,1.0,0.5437519,-42.33983,-99.795975,2.158028,0.017722806882858277,1444.2644007205963,305000
10.28757,-9.4887085,169.90594,689.0393,2.0840654,-9.537869,0.06969693,1.0,108.20659,0.80482715,-4.6219687,0.010910337,1.0,0.2237276,-42.053635,-99.92825,1.3572145,692.66785,1.9172808,-9.590321,0.080187134,1.0,100.98202,0.834187,-4.628545,0.013540882,1.0,0.13506016,-44.08097,-100.027145,1.4189917,0.003704194974899292,1462.7853782176971,310000
8.540294,-9.39827,189.33658,684.5394,1.8911228,-9.623571,0.086837284,1.0,109.64879,0.8303122,-4.6266146,0.01276882,1.0,0.17023745,-42.857536,-100.25837,2.3442726,669.907,1.5754561,-9.68053,0.098228894,1.0,119.28135,0.9237727,-4.629897,0.014081708,1.0,0.17121053,-43.06343,-99.86153,2.7659092,0.0037086766719818115,1481.328763961792,315000
3.2313197,-2.9922848,110.324265,675.6438,2.0418515,-9.57353,0.07682898,1.0,114.3383,0.86804533,-4.62686,0.012867078,1.0,0.089415595,-42.444378,-99.98802,2.032333,694.777,1.9239488,-9.638666,0.089856245,1.0,110.96844,0.87080646,-4.637336,0.017057398,1.0,0.103060015,-42.46846,-99.8479,2.6977713,0.0037114450454711913,1499.8859918117523,320000
6.068097,-7.384741,124.39551,674.14294,1.9554332,-9.585678,0.07925859,1.0,101.5051,0.8134518,-4.624721,0.012011394,1.0,0.17638618,-43.070026,-99.83286,0.90621144,687.7577,1.5748317,-9.706499,0.1034228,1.0,102.04376,0.82162094,-4.6340375,0.01573795,1.0,0.18096565,-42.80503,-99.89818,2.0885518,0.00371308708190918,1518.451431274414,325000
1.8464116,-2.075683,88.683914,694.37354,2.0478117,-9.533191,0.068761125,1.0,109.12901,0.8693856,-4.6222515,0.011023583,1.0,0.075512275,-44.641876,-99.90488,1.6269302,695.3408,1.8725147,-9.67042,0.0962068,1.0,110.118,0.77232254,-4.6355095,0.016326696,1.0,0.05488377,-43.933586,-99.83057,2.0492644,0.0037069203853607176,1536.9860360622406,330000
2.650305,-4.2829847,98.59714,684.5647,2.0275605,-9.552042,0.072531514,1.0,118.30001,0.8081249,-4.6214576,0.010706079,1.0,0.31618953,-43.148216,-99.73512,1.1221806,672.68555,1.7666103,-9.610848,0.08429264,1.0,123.9748,0.8832501,-4.632963,0.0153081,1.0,0.4734539,-43.358715,-99.830345,1.4502722,0.0037058264255523683,1555.5151720046997,335000
5.715898,-5.3013153,150.25214,674.1365,1.8209302,-9.502001,0.062523074,1.0,110.44577,0.91096866,-4.6255865,0.012357672,1.0,0.0708321,-43.44364,-99.80853,2.052647,685.23596,1.7784812,-9.628275,0.087778114,1.0,111.16599,0.8888775,-4.6335125,0.015527907,1.0,0.073554836,-43.055992,-99.86913,1.0042063,0.003706697654724121,1574.0486636161804,340000
3.3534913,-3.3979142,126.98326,680.2097,1.7826518,-9.556662,0.073455274,1.0,99.95478,0.8294517,-4.6245136,0.011928413,1.0,0.042161107,-43.95511,-99.92226,1.388403,697.0718,1.8009564,-9.590115,0.08014586,1.0,99.59216,0.7935475,-4.6263967,0.012681576,1.0,0.10014548,-40.389202,-99.75694,1.6435513,0.003709031057357788,1592.593822002411,345000
6.0896006,-6.6795015,135.13303,702.62524,2.288238,-9.567997,0.07572242,1.0,113.80487,0.82162035,-4.624917,0.012089656,1.0,0.13664052,-44.011894,-100.17762,1.5006673,682.02496,1.9504813,-9.624605,0.08704402,1.0,112.7214,0.8572959,-4.631455,0.014704987,1.0,0.23668525,-41.984905,-99.73457,1.3250498,0.0037140758514404297,1611.1642053127289,350000
4.812224,-5.675266,123.68481,645.30566,1.4222639,-9.607594,0.083641544,1.0,102.23634,0.8448439,-4.6317396,0.01481879,1.0,0.036693007,-41.882355,-99.56955,1.5630605,699.2456,2.2657456,-9.614233,0.08496951,1.0,114.5627,0.9168594,-4.6344037,0.015884412,1.0,0.09429731,-42.048073,-99.629875,2.498065,0.0037094156742095946,1629.7112863063812,355000
5.6046834,-5.664542,120.70859,673.7521,1.9915054,-9.570066,0.0761363,1.0,103.78583,0.8317584,-4.621337,0.010657636,1.0,0.19593512,-43.579823,-99.77966,1.1483839,678.8843,1.8028784,-9.613691,0.08486115,1.0,100.072395,0.8196693,-4.633938,0.015697977,1.0,0.195432,-43.81062,-99.89801,2.3314898,0.0037117483139038087,1648.2700312137604,360000
1.6600952,-3.7902913,89.8525,695.6178,1.9739823,-9.556453,0.07341357,1.0,100.040886,0.7974159,-4.6204944,0.010320585,1.0,0.08186664,-43.067513,-99.81809,1.5379809,682.1647,1.7246552,-9.659531,0.09402909,1.0,96.75721,0.82781124,-4.6290627,0.013748035,1.0,0.065429226,-42.495228,-99.711815,1.4517889,0.0037077255249023436,1666.8086652755737,365000
3.8069859,-3.5050552,110.024536,693.4704,1.9117622,-9.546492,0.071421266,1.0,114.0338,0.88140583,-4.620825,0.010452944,1.0,0.12080453,-42.79029,-99.82913,1.1304204,689.1035,2.04222,-9.655253,0.09317364,1.0,118.796875,0.8828013,-4.635067,0.016149903,1.0,0.11261767,-44.117912,-99.70289,1.8452696,0.0037094247817993165,1685.3557929992676,370000
2.379644,-1.6454536,92.49427,698.1046,2.315791,-9.550235,0.07216998,1.0,116.51125,0.90746117,-4.6227846,0.011236748,1.0,0.06998585,-41.94395,-99.68262,2.188377,683.3744,1.8165785,-9.5970745,0.08153776,1.0,111.90985,0.9613288,-4.62844,0.013499031,1.0,0.09098829,-41.65454,-99.65744,1.6178877,0.003718423318862915,1703.9479122161865,375000
4.0122275,-4.739342,146.00876,701.4246,2.2234263,-9.583004,0.07872375,1.0,116.81491,0.8600304,-4.6232705,0.01143115,1.0,0.18027854,-42.492447,-99.724335,2.0656667,662.3967,1.5027024,-9.667391,0.095601164,1.0,117.675,0.87844896,-4.6287527,0.013624138,1.0,0.219509,-41.692177,-99.712585,1.1091391,0.0037100969791412355,1722.4984002113342,380000
1.8330312,-1.8222374,79.5992,699.47266,2.2592704,-9.594552,0.081033394,1.0,115.22867,0.8928361,-4.6269197,0.012890684,1.0,0.16131647,-42.920876,-99.81389,2.0984652,691.46295,2.044908,-9.667536,0.09563028,1.0,120.55204,0.90465736,-4.629119,0.013770456,1.0,0.12456626,-42.249664,-99.74849,1.6564803,0.0037115495681762697,1741.0561521053314,385000
3.4937158,-3.2535121,134.60101,683.8235,1.9368498,-9.609198,0.083962254,1.0,107.335236,0.90640986,-4.623286,0.011437279,1.0,0.2003096,-41.12064,-99.70619,2.0303752,677.36426,1.8369,-9.666918,0.09550644,1.0,103.22125,0.8122561,-4.6346836,0.015996335,1.0,0.14461279,-42.459747,-99.78558,1.0268629,0.0037131759643554687,1759.6220350265503,390000
2.7846134,-2.895605,176.97226,697.38245,2.0547028,-9.595224,0.081167646,1.0,118.83987,0.8830626,-4.623124,0.011372537,1.0,0.37661728,-44.00838,-99.6214,2.1733165,707.48047,2.2101417,-9.654568,0.09303659,1.0,118.54822,0.8848145,-4.6295013,0.0139236245,1.0,0.19673163,-41.81015,-99.780334,2.1487231,0.0037112772941589357,1778.1784241199493,395000
1.2257605,-1.5928841,78.7949,684.0665,1.968522,-9.559492,0.07402133,1.0,102.49004,0.83875567,-4.6288223,0.013651947,1.0,0.18443888,-42.73925,-99.76863,1.0292115,693.1479,1.9756477,-9.650763,0.09227545,1.0,107.43526,0.8438652,-4.63441,0.015886867,1.0,0.26036185,-43.527954,-99.81802,1.0834334,0.003719503116607666,1796.7759430408478,400000
4.05536,-3.9344475,113.831535,700.16455,2.3153996,-9.497051,0.061533373,1.0,111.89302,0.9171287,-4.6268053,0.012845151,1.0,0.06564325,-43.677383,-99.71641,1.5690181,710.5239,2.385769,-9.62015,0.08615287,1.0,107.62855,0.9052211,-4.628347,0.013461691,1.0,0.051252887,-43.571037,-99.66142,2.6981578,0.01733764100074768,1883.4641511440277,405000
3.24574,-3.5513487,109.580765,685.4569,2.035904,-9.572021,0.07652717,1.0,96.020004,0.79705346,-4.6249013,0.01208355,1.0,0.87850285,-45.055397,-99.74832,1.2172526,686.6471,2.023034,-9.624909,0.08710495,1.0,98.496925,0.80795866,-4.6261435,0.012580387,1.0,0.19407037,-44.005848,-99.85199,2.08431,0.0037257007122039796,1902.0926585197449,410000
6.5572104,-5.3134065,113.750946,692.93713,1.8012439,-9.592318,0.080586426,1.0,118.08981,0.8720477,-4.6225348,0.011136674,1.0,0.18670963,-42.711983,-99.65617,1.4865527,693.3234,2.098023,-9.625736,0.08727005,1.0,125.095,0.86279416,-4.6403346,0.018256877,1.0,0.06145747,-44.808376,-99.80316,1.7983774,0.003695754051208496,1920.5714311599731,415000
9.72856,-10.344462,136.43713,675.3015,1.9450176,-9.599083,0.0819396,1.0,108.24129,0.88921213,-4.6219115,0.010887547,1.0,0.05380504,-43.932045,-99.67807,1.035774,681.62915,1.8297484,-9.642661,0.09065528,1.0,110.747116,0.8656746,-4.6294184,0.013890292,1.0,0.16680907,-45.162025,-100.00886,1.9184151,0.003696099901199341,1939.0519347190857,420000
3.2509897,-3.5876198,130.50537,691.8688,1.9773287,-9.59712,0.08154706,1.0,112.9079,0.89628184,-4.621678,0.010793976,1.0,0.043186218,-43.68347,-99.690094,3.670901,677.9011,1.6457841,-9.786007,0.11932434,1.0,108.941986,0.86247885,-4.634663,0.015988369,1.0,0.010557577,-42.744022,-99.59057,2.2042418,0.003693190050125122,1957.5178875923157,425000
3.582509,-3.4309816,102.072754,673.6972,1.6671779,-9.652536,0.09263028,1.0,105.96101,0.8870082,-4.6254697,0.01231088,1.0,0.1024562,-43.46536,-99.614365,1.7967217,680.3645,1.7172797,-9.669512,0.09602522,1.0,115.19068,0.8682418,-4.63151,0.014726901,1.0,0.105687946,-43.276806,-99.42346,2.1465375,0.003700606632232666,1976.0209233760834,430000
9.529617,-10.88256,190.24649,686.0566,1.9420974,-9.618339,0.08579071,1.0,105.23442,0.8200793,-4.6278286,0.013254342,1.0,0.16807738,-44.492355,-99.7633,1.4045551,673.36975,1.4916856,-9.657618,0.093646355,1.0,106.34327,0.8090252,-4.6301603,0.01418711,1.0,0.07932521,-45.590256,-100.35646,3.0929103,0.0036978609085083006,1994.5102314949036,435000
5.1650834,-4.9664063,117.77939,696.5123,2.1541886,-9.526497,0.067422405,1.0,101.25711,0.81948006,-4.6230392,0.011338565,1.0,0.036929667,-43.219063,-99.57399,1.2123761,690.40717,1.8432698,-9.656776,0.093478255,1.0,107.0211,0.8109734,-4.6334476,0.015501976,1.0,0.26362038,-42.845844,-99.64728,2.1421375,0.0036958537101745605,2012.9895029067993,440000
3.4126234,-3.0753987,96.73109,687.22156,1.8423827,-9.5571995,0.07356274,1.0,107.81912,0.7949776,-4.6229005,0.011283234,1.0,0.5099473,-40.510666,-99.72012,1.2340491,694.7516,2.2895756,-9.641896,0.09050234,1.0,111.21014,0.90577734,-4.6298275,0.01405385,1.0,0.11508908,-43.826714,-99.77518,2.4142134,0.003693567132949829,2031.4573411941528,445000
4.6866784,-3.092458,100.223175,685.2828,1.8577373,-9.597206,0.08156414,1.0,111.08635,0.875196,-4.624928,0.0120941,1.0,0.3045668,-44.177696,-99.88438,2.1516333,684.7904,1.9582546,-9.6640625,0.094935335,1.0,104.08712,0.91116625,-4.629894,0.014080507,1.0,0.24438831,-43.621155,-99.609406,3.8432949,0.0036955810546875,2049.935250520706,450000
8.432251,-9.172536,164.37595,686.5974,1.855112,-9.599228,0.0819685,1.0,109.07175,0.86937374,-4.623431,0.011495427,1.0,0.2988103,-44.421173,-99.77074,1.0487919,691.22864,1.8351389,-9.712125,0.10454787,1.0,107.988075,0.80811006,-4.630254,0.014224517,1.0,0.15676627,-41.782986,-99.508606,2.0904756,0.0036939406394958497,2068.4049570560455,455000
5.9798546,-6.8797855,155.363,666.2319,1.7900386,-9.589175,0.07995798,1.0,105.247696,0.85118,-4.622805,0.011245012,1.0,0.11038963,-41.94338,-99.36664,2.1639023,680.146,1.6952795,-9.709724,0.10406802,1.0,104.86388,0.84966755,-4.6346426,0.01598015,1.0,0.060793206,-42.62516,-99.54872,3.6255975,0.0036970295429229736,2086.8901081085205,460000
8.941933,-7.130172,211.31744,679.0008,1.8075144,-9.553989,0.072920814,1.0,101.701546,0.855094,-4.625016,0.012129533,1.0,0.09206187,-41.034126,-99.66085,1.6342485,676.32605,1.7946757,-9.654707,0.0930643,1.0,103.06328,0.78356,-4.6293926,0.013879855,1.0,0.078774616,-43.07502,-99.79699,1.2537605,0.003700387239456177,2105.3920471668243,465000
3.1842618,-5.8786755,128.62366,675.5402,1.8112862,-9.515707,0.06526433,1.0,123.33945,0.97684246,-4.626277,0.0126337875,1.0,0.10965739,-42.28662,-99.58822,1.5041616,690.34607,1.9086096,-9.649548,0.092032455,1.0,117.44387,0.8384189,-4.63291,0.015286981,1.0,0.08012261,-43.069885,-99.65987,2.101193,0.00369697847366333,2123.876942396164,470000
1.4937354,-1.7672863,70.9174,684.51807,1.8851626,-9.5384865,0.06982031,1.0,110.039474,0.87031347,-4.6223164,0.0110495165,1.0,0.15119044,-42.516678,-99.69952,0.98393583,692.8075,2.082007,-9.626114,0.087345794,1.0,105.692245,0.85625476,-4.6293707,0.013871232,1.0,0.10453024,-43.127865,-99.686104,1.8152783,0.00369407696723938,2142.347330093384,475000
7.955161,-4.3287215,129.67628,685.6111,2.0823264,-9.600494,0.08222188,1.0,107.194084,0.82102865,-4.6198177,0.010049959,1.0,0.20887789,-43.906937,-99.70216,1.3041445,692.3662,2.2600293,-9.593712,0.080865204,1.0,106.328896,0.8338148,-4.6328154,0.015249029,1.0,0.21160233,-44.03269,-99.5522,2.2496314,0.0036965038776397706,2160.829856157303,480000
4.2658086,-3.3623714,87.721504,666.8372,1.6830215,-9.611687,0.08446028,1.0,118.917465,0.9343564,-4.6253586,0.012266121,1.0,0.11450301,-42.89587,-99.715645,1.0984075,696.5042,2.1355984,-9.691193,0.10036156,1.0,110.78366,0.86743724,-4.6301,0.014162797,1.0,0.08683293,-42.55333,-99.64018,2.755456,0.0036980992794036866,2179.3203554153442,485000
5.1269855,-5.6515017,135.16039,682.0652,2.0318804,-9.580797,0.07828229,1.0,102.8447,0.81556445,-4.624066,0.0117494045,1.0,0.5834086,-42.444775,-99.54019,1.3839148,722.75287,2.278223,-9.665506,0.09522434,1.0,105.58415,0.9473624,-4.6358643,0.016468793,1.0,0.03182052,-45.68066,-99.68095,1.5258886,0.0036969412803649904,2197.8050656318665,490000
7.82712,-6.6519427,143.81992,665.70105,1.7550505,-9.572117,0.07654619,1.0,94.696594,0.8247268,-4.621681,0.0107953455,1.0,0.102020934,-42.44503,-99.58273,1.7962098,693.64514,2.1295738,-9.598532,0.0818293,1.0,98.25797,0.8664024,-4.636445,0.016701031,1.0,0.11620748,-44.25974,-99.649155,1.6790984,0.003693056774139404,2216.270353078842,495000
7.059452,-6.0275326,115.41551,678.463,1.8642843,-9.521363,0.066395655,1.0,108.30287,0.873405,-4.6255636,0.012348532,1.0,0.16346799,-44.531006,-99.55133,1.1406107,698.56854,1.8230356,-9.625567,0.08723644,1.0,105.3255,0.8811028,-4.6352043,0.01620461,1.0,0.24695212,-41.94685,-99.47243,2.3976026,0.0036987957000732424,2234.7643349170685,500000
6.0253477,-7.266694,125.14464,679.99786,1.946363,-9.554956,0.07311425,1.0,106.56375,0.79312545,-4.6236124,0.011567905,1.0,0.26775017,-42.245644,-99.5871,1.517144,675.68854,1.7206798,-9.638258,0.08977454,1.0,114.919365,0.9056325,-4.636548,0.016742297,1.0,0.11690983,-44.74037,-99.60137,1.5759513,0.017847898292541502,2324.003830432892,505000
2.5222335,-2.3130736,78.84802,672.19617,1.693372,-9.509877,0.06409841,1.0,110.08838,0.87579644,-4.623178,0.01139424,1.0,1.6115861,-43.964977,-99.549164,0.9089903,675.40845,1.8088567,-9.659521,0.09402724,1.0,110.78575,0.8642627,-4.631803,0.01484416,1.0,0.2861386,-43.368965,-99.57983,2.5082371,0.003690216541290283,2342.454916238785,510000
2.3260636,-2.162343,99.349495,660.4117,1.5328113,-9.527392,0.06760142,1.0,112.88591,0.8271839,-4.6219893,0.0109186275,1.0,0.060625575,-42.932007,-99.71193,2.1467776,675.4032,1.7598691,-9.694703,0.10106367,1.0,121.31825,0.91381836,-4.6323853,0.015077119,1.0,0.0825947,-43.168434,-99.78471,1.6459107,0.0036960387229919432,2360.935112476349,515000
4.397528,-2.8646197,78.359985,665.8445,1.9547429,-9.559968,0.07411662,1.0,115.58749,0.8403536,-4.6224823,0.01111599,1.0,0.12637275,-44.800316,-99.75669,1.1896076,655.6502,1.5812507,-9.648989,0.09192085,1.0,110.6943,0.8714772,-4.636578,0.016754277,1.0,0.22204453,-44.65674,-99.69971,2.285204,0.0036931267261505127,2379.400748729706,520000
6.6633997,-6.0173874,139.28111,684.1978,2.0409076,-9.619635,0.08604977,1.0,120.011665,0.90559036,-4.623852,0.011663804,1.0,0.22738612,-44.555832,-99.47949,2.0049734,682.37396,1.9103527,-9.761925,0.11450782,1.0,115.8586,0.8496147,-4.62986,0.014066941,1.0,0.13923,-43.12687,-99.406494,2.6424756,0.0037093958377838136,2397.9477314949036,525000
3.7557223,-3.30143,96.17631,690.4682,2.1698465,-9.558261,0.0737752,1.0,98.77974,0.80406123,-4.622028,0.010934108,1.0,0.17247137,-43.51663,-99.68591,1.1645267,670.58936,1.5780883,-9.648579,0.09183862,1.0,99.528015,0.82125556,-4.631696,0.014801408,1.0,0.1386593,-43.90365,-99.64872,3.3503115,0.0036992956638336183,2416.444212913513,530000
6.8334904,-5.796671,122.82359,685.76135,2.14691,-9.548393,0.0718017,1.0,106.881355,0.8105637,-4.6212893,0.010638596,1.0,0.07670253,-42.81518,-99.673996,1.0691051,679.6598,1.9073718,-9.633147,0.08875238,1.0,107.510605,0.8782524,-4.628068,0.013350213,1.0,0.058835045,-42.901833,-99.7897,2.9469643,0.0037055160999298095,2434.971796274185,535000
8.036869,-7.4162464,135.99728,665.74835,1.5983362,-9.644718,0.09106653,1.0,105.872925,0.838299,-4.622511,0.011127156,1.0,0.14894304,-42.3216,-99.352585,1.6259978,682.35095,1.9153128,-9.601885,0.08249986,1.0,105.490845,0.8274924,-4.628763,0.0136282295,1.0,0.2633564,-45.157063,-99.46023,2.0032396,0.00369735746383667,2453.458586215973,540000
5.457254,-5.1013184,127.62584,686.51044,2.1216173,-9.508413,0.06380562,1.0,110.56322,0.84104586,-4.6217904,0.010839044,1.0,0.07317472,-43.811237,-100.174164,1.0269866,688.29486,2.0565047,-9.633026,0.08872824,1.0,107.285,0.854416,-4.633729,0.015614501,1.0,0.07519637,-44.403404,-99.61391,1.8354211,0.0036957982540130616,2471.9375805854797,545000
6.2050734,-5.9743834,105.06302,675.6764,1.8172777,-9.50952,0.06402676,1.0,97.46976,0.8032236,-4.621711,0.010807224,1.0,0.15440072,-42.864845,-99.51639,0.7846223,691.6142,1.964603,-9.624539,0.08703083,1.0,101.22868,0.8190732,-4.6315155,0.014729223,1.0,0.028803106,-45.026733,-99.48235,2.1359656,0.0037013788223266603,2490.444480419159,550000
4.7179174,-3.0068917,107.12769,653.3933,1.6639824,-9.518025,0.065728046,1.0,108.29314,0.87885654,-4.6209564,0.010505477,1.0,0.9654578,-44.773003,-99.48034,1.3004631,671.22144,1.5478301,-9.651213,0.09236557,1.0,103.39477,0.81521857,-4.628559,0.013546723,1.0,0.20668419,-43.6386,-99.33781,2.1441178,0.0036990445613861085,2508.9397065639496,555000
3.6613088,-3.5011146,126.49152,681.3874,2.0523899,-9.510703,0.06426352,1.0,106.339584,0.8473581,-4.6202397,0.01021885,1.0,0.07421966,-42.079296,-99.57172,1.4455869,669.22107,1.8042513,-9.659277,0.09397831,1.0,107.858086,0.9224882,-4.62996,0.01410678,1.0,0.07260293,-42.13717,-99.63397,1.7128475,0.0036986918926239015,2527.433168888092,560000
4.8315988,-5.1928954,120.64105,690.7454,2.0342813,-9.55088,0.072299026,1.0,100.86722,0.7807627,-4.6256905,0.012399281,1.0,0.1132532,-42.201233,-99.46087,1.2335365,691.90796,2.1414685,-9.64035,0.09019289,1.0,96.93222,0.8530948,-4.6316805,0.014795127,1.0,0.08400406,-45.3822,-99.47957,2.3721528,0.003702185249328613,2545.9440982341766,565000
1.9059972,-2.445732,115.8262,678.03345,2.0472407,-9.497574,0.061637886,1.0,96.086494,0.8167831,-4.621163,0.010588165,1.0,0.1327838,-45.67843,-99.50636,1.3062055,676.2743,1.7806416,-9.66148,0.09441894,1.0,105.64786,0.79287577,-4.630718,0.014410377,1.0,0.125512,-45.0327,-99.61351,2.5794616,0.003698026943206787,2564.434236049652,570000
4.1216526,-4.7012177,104.14911,674.0415,1.9830208,-9.527744,0.06767182,1.0,100.86717,0.7925874,-4.623045,0.011340779,1.0,0.036126435,-42.286854,-99.32761,1.5204978,659.48987,1.5638329,-9.618261,0.08577533,1.0,109.8844,0.8581604,-4.632706,0.015205485,1.0,0.19704564,-42.72956,-99.36231,3.2654974,0.0037007891178131103,2582.938185453415,575000
4.3716,-5.4749975,124.24339,670.1826,1.6881162,-9.632788,0.088680424,1.0,102.20673,0.8152336,-4.6257463,0.012421571,1.0,0.01458912,-44.078087,-99.66851,1.4163774,723.90564,2.2692108,-9.600385,0.08219995,1.0,106.64821,0.80081457,-4.6318665,0.014869503,1.0,0.017213333,-43.806496,-99.547806,2.4453287,0.0037019829273223876,2601.44810295105,580000
2.344285,-2.585629,97.445404,680.14795,1.8279539,-9.556219,0.07336684,1.0,101.10227,0.8549566,-4.621716,0.01080938,1.0,0.051007897,-42.30043,-99.62572,1.2095206,670.4219,1.7242551,-9.6182575,0.085774556,1.0,108.918106,0.8898106,-4.6307335,0.014416552,1.0,0.08027938,-41.752533,-99.487175,1.8866363,0.003704760694503784,2619.971909046173,585000
2.728075,-2.4011517,107.47247,683.23126,2.0059142,-9.571747,0.07647234,1.0,101.91492,0.82837653,-4.621452,0.010703637,1.0,0.14706634,-43.108772,-99.45645,1.8926184,685.6765,1.8126719,-9.610527,0.08422835,1.0,97.17984,0.77377033,-4.631036,0.014537424,1.0,0.45634896,-42.617805,-99.54907,2.1161788,0.0037009732246398924,2638.4767780303955,590000
5.5731206,-11.252251,134.47568,680.8629,1.9113882,-9.604294,0.082981646,1.0,106.259964,0.85843915,-4.6205444,0.010340749,1.0,0.29301763,-43.243504,-99.532814,1.1576443,691.1891,2.1815152,-9.669586,0.09604017,1.0,100.90798,0.899958,-4.631977,0.014913893,1.0,0.20222735,-45.412693,-99.427704,3.0949504,0.0037012091159820556,2656.9828259944916,595000
7.165259,-8.060666,123.39284,673.2729,1.8921146,-9.523951,0.06691308,1.0,109.54277,0.83223015,-4.6205583,0.010346271,1.0,0.16636336,-45.63907,-99.64371,1.2861248,691.7721,2.140532,-9.5475,0.07162296,1.0,107.8205,0.774964,-4.6317463,0.014821388,1.0,0.20022309,-43.06929,-99.60512,2.4780517,0.0037010060310363768,2675.4878599643707,600000
7.4367228,-8.6861,202.72075,667.80444,1.8434346,-9.560774,0.07427784,1.0,117.49667,0.86232275,-4.627296,0.013041267,1.0,0.100613296,-43.14305,-99.46553,2.5702727,667.9824,1.54566,-9.668617,0.09584656,1.0,112.72478,0.89144075,-4.6333904,0.015479161,1.0,0.16198283,-44.11738,-99.520676,4.557849,0.017339058113098143,2762.1831533908844,605000
5.0259795,-8.026035,135.7526,668.27734,1.7886384,-9.523954,0.0669139,1.0,104.29192,0.8214003,-4.6237903,0.011639098,1.0,0.09486039,-43.411766,-99.72601,1.3383231,712.39075,2.3398228,-9.637646,0.08965218,1.0,112.40658,0.797408,-4.630732,0.014415793,1.0,0.13668805,-44.305576,-99.682365,2.359964,0.0036903031826019286,2780.634672641754,610000
3.6520867,-3.5824888,103.19704,658.7025,1.7793891,-9.57933,0.077989124,1.0,108.84973,0.8573468,-4.6206117,0.010367638,1.0,0.09240415,-43.148926,-99.55913,1.4440218,663.6,1.7648008,-9.683675,0.09885806,1.0,97.75955,0.8473894,-4.6279874,0.0133179445,1.0,0.12763003,-44.673485,-99.66948,2.4415722,0.003702758073806763,2799.148466348648,615000
2.2547522,-3.252676,102.32095,668.45184,1.6388459,-9.51144,0.06441108,1.0,105.75545,0.85694474,-4.6191645,0.009788859,1.0,0.07468959,-45.024117,-99.56802,1.5045422,671.6859,1.7764627,-9.663187,0.09476026,1.0,107.97867,0.81998694,-4.6322865,0.015037646,1.0,0.079336226,-43.506668,-99.50754,2.3593173,0.003700420331954956,2817.650570631027,620000
7.547313,-6.880228,142.885,690.5827,2.0778337,-9.557795,0.073681965,1.0,112.97982,0.8503781,-4.622947,0.011301904,1.0,0.30319124,-41.75608,-99.669266,2.0183532,675.23206,1.796645,-9.575276,0.07717832,1.0,107.45109,0.82812214,-4.6324835,0.015116322,1.0,0.14486593,-42.964027,-99.6454,1.9286675,0.0036957431316375733,2836.129289865494,625000
1.8353341,-2.071997,91.574814,663.5196,1.8324698,-9.549099,0.0719428,1.0,104.81467,0.77637374,-4.62018,0.0101951435,1.0,0.76422185,-43.012627,-99.500336,1.3212123,683.5663,2.245133,-9.632154,0.08855398,1.0,105.15095,0.8426273,-4.6281757,0.013393126,1.0,0.255114,-42.297295,-99.670135,1.9682938,0.0036975027561187744,2854.616806268692,630000
6.289557,-6.396496,148.53137,685.9742,2.261025,-9.567097,0.07554233,1.0,99.59859,0.81495786,-4.6203775,0.0102740135,1.0,0.21818282,-44.46707,-99.78694,1.0894126,680.2697,1.6614431,-9.735529,0.10922872,1.0,101.56912,0.8690518,-4.6375427,0.017139977,1.0,0.26602644,-42.440456,-99.71544,2.9657454,0.003705033588409424,2873.141977071762,635000
20.561176,-21.096207,245.63986,702.7937,2.1986363,-9.568547,0.07583247,1.0,116.92731,0.8550025,-4.6209817,0.010515654,1.0,2.3895605,-42.85309,-99.55466,1.635614,660.932,1.8147757,-9.678093,0.097741574,1.0,125.36877,0.917422,-4.631259,0.01462642,1.0,0.15376136,-42.68563,-99.35411,2.3507724,0.0037022655963897706,2891.653310060501,640000
5.518311,-5.9032197,143.85883,662.6488,1.9524517,-9.593574,0.08083778,1.0,114.49098,0.83465475,-4.6240244,0.011732697,1.0,0.16770263,-44.545937,-99.63957,1.2598864,695.01685,2.1323118,-9.674975,0.09711807,1.0,113.71573,0.8706306,-4.630411,0.014287451,1.0,0.1462579,-45.0965,-99.535324,1.8954761,0.003705468988418579,2910.180658340454,645000
5.6517954,-5.4447336,116.89321,677.444,1.9456944,-9.525435,0.06721,1.0,112.310295,0.85731375,-4.6248856,0.012077183,1.0,0.060507305,-41.771034,-99.77304,1.2901444,689.9508,2.0364285,-9.720527,0.10622829,1.0,108.60712,0.89518416,-4.632456,0.015105322,1.0,0.071480975,-42.973495,-99.491455,1.2465343,0.003703728485107422,2928.69930434227,650000
6.34777,-6.4028735,163.09927,674.2735,1.8963017,-9.561574,0.07443782,1.0,103.1758,0.85688394,-4.621336,0.010657313,1.0,0.6379628,-44.599167,-99.30865,1.5175127,672.8159,1.6907072,-9.690983,0.10031956,1.0,105.685165,0.82169384,-4.6299553,0.014104947,1.0,0.20299003,-44.682213,-99.27235,3.7068071,0.003701445198059082,2947.2065331935883,655000
10.750095,-12.2404785,170.13315,668.4768,2.0440927,-9.5578575,0.073694415,1.0,114.39576,0.86789227,-4.6198187,0.010050422,1.0,0.052179746,-43.252785,-99.47784,1.7085967,658.2798,1.5372792,-9.672569,0.096636765,1.0,103.09835,0.79132056,-4.63403,0.015734857,1.0,0.11687915,-41.67444,-99.61796,1.8697298,0.003699063968658447,2965.7018558979034,660000
3.1660361,-3.1733618,152.41168,671.3826,1.8153214,-9.543817,0.07088634,1.0,100.49959,0.8490766,-4.621129,0.010574392,1.0,0.21837483,-45.01843,-99.226204,2.0471528,689.8315,2.0581734,-9.62111,0.08634504,1.0,109.798584,0.8712014,-4.6321507,0.014983199,1.0,0.127062,-43.89759,-99.38338,3.0231924,0.00369432692527771,2984.1734931468964,665000
22.5425,-19.762964,231.31335,675.77234,2.0631397,-9.534059,0.068934664,1.0,106.000755,0.81367075,-4.619185,0.009797025,1.0,1.7971871,-42.846855,-99.3934,1.429005,694.4503,1.9537417,-9.717316,0.105586134,1.0,104.84164,0.7597214,-4.6332836,0.015436455,1.0,0.16635616,-43.91876,-99.34247,1.9799893,0.003702747392654419,3002.6872334480286,670000
4.8403583,-3.117255,147.92949,677.21857,2.1150312,-9.574091,0.07694113,1.0,108.00018,0.8656254,-4.6225967,0.011161611,1.0,0.17449807,-43.72921,-99.56378,1.8093647,690.98,2.1269422,-9.60981,0.08408498,1.0,102.84163,0.701084,-4.6332903,0.01543907,1.0,0.19171982,-44.40764,-99.60176,4.075672,0.0036971664905548094,3021.1730687618256,675000
4.1866174,-4.3064623,115.86235,659.9176,1.9374349,-9.51521,0.0651649,1.0,98.704704,0.8056623,-4.6267433,0.012820478,1.0,1.8138243,-44.534374,-99.632515,1.8161657,676.96893,1.5638711,-9.680975,0.09831799,1.0,99.76864,0.81002116,-4.6320457,0.014941406,1.0,0.16088034,-43.07631,-99.78444,2.542218,0.003699737071990967,3039.6717567443848,680000
5.729916,-3.3189948,139.18501,684.97974,2.1269786,-9.564666,0.07505612,1.0,111.629776,0.81041664,-4.62172,0.010810961,1.0,0.15345073,-42.33171,-99.4282,1.2268245,676.3733,1.9485662,-9.761882,0.11449929,1.0,118.4973,0.89219564,-4.6319723,0.014911868,1.0,0.19916064,-43.066044,-99.42066,2.4413779,0.0037033166885375975,3058.1883432865143,685000
1.9133716,-1.9206315,100.058395,672.1279,1.9019691,-9.552988,0.07272061,1.0,102.44563,0.7961994,-4.62218,0.010994925,1.0,0.1387288,-44.02446,-99.597946,0.9840871,673.1448,1.7941682,-9.6820135,0.098525636,1.0,97.92563,0.7463825,-4.633065,0.015348926,1.0,0.084347405,-44.42134,-99.47743,3.5301728,0.0036977072715759277,3076.6768867969513,690000
19.756783,-22.76245,413.7494,648.1083,1.7101321,-9.551006,0.07232436,1.0,110.465164,0.8302715,-4.6225758,0.0111531485,1.0,0.16703904,-44.26873,-99.61751,4.8515115,690.5412,2.370216,-9.663807,0.09488433,1.0,112.4755,0.82732475,-4.631638,0.014778174,1.0,0.08964556,-43.25403,-99.58982,4.2782717,0.0037003408908843996,3095.1785941123962,695000
21.10507,-18.804243,235.5415,680.73895,2.0350015,-9.514765,0.06507592,1.0,109.12631,0.8659655,-4.620007,0.010125822,1.0,0.29638273,-45.04849,-99.348625,1.2201694,666.1123,1.8751638,-9.630104,0.08814392,1.0,106.08394,0.8674653,-4.6379128,0.017287968,1.0,0.19081831,-43.54683,-99.240265,2.6156468,0.003698465394973755,3113.6709237098694,700000
11.972734,-10.808392,176.85938,668.4696,1.9994996,-9.510678,0.064258635,1.0,106.2419,0.85245466,-4.6194434,0.009900385,1.0,0.3911753,-44.06701,-99.61104,0.7547852,667.2982,1.6548318,-9.6452265,0.0911682,1.0,105.05061,0.8680007,-4.6294475,0.013902063,1.0,0.1134205,-43.787613,-99.3771,3.08907,0.017625919151306152,3201.8005220890045,705000
4.253006,-4.0393744,106.392586,676.66327,1.8865482,-9.53198,0.068518795,1.0,96.96829,0.83403206,-4.624201,0.011803428,1.0,1.4759102,-45.643684,-99.3683,0.94250077,654.0288,1.529098,-9.623492,0.08682135,1.0,110.66903,0.83854234,-4.6317773,0.014833895,1.0,0.03335217,-43.399822,-99.37477,2.9475331,0.0036885212421417235,3220.2431316375732,710000
13.43639,-13.873275,176.35793,661.3965,1.5822858,-9.548191,0.07176114,1.0,108.34883,0.7923952,-4.6215534,0.010744368,1.0,0.7018362,-41.81401,-99.56145,1.2343516,686.62726,1.7856023,-9.659712,0.0940653,1.0,106.44824,0.789448,-4.635522,0.016331602,1.0,0.16475555,-43.81857,-99.48317,2.4943666,0.0036935543060302735,3238.710907936096,715000
5.0356016,-2.5979288,116.43591,662.41956,1.9185147,-9.582274,0.078577794,1.0,104.22035,0.851817,-4.6209707,0.010511104,1.0,0.069759175,-46.168682,-99.5544,1.0764358,690.949,2.096467,-9.656553,0.093433544,1.0,114.71127,0.8045538,-4.6322994,0.015042821,1.0,0.09239802,-45.342125,-99.48363,3.22669,0.0036912140846252443,3257.166981458664,720000
15.151354,-16.417992,218.76764,680.7539,1.8784244,-9.610532,0.08422931,1.0,103.591,0.836884,-4.6222863,0.011037402,1.0,0.09159676,-43.5791,-99.442215,1.6641448,691.2903,2.1411862,-9.616019,0.08532674,1.0,102.96551,0.8170754,-4.632947,0.015301895,1.0,0.064871505,-43.02211,-99.442,2.9591177,0.0036942845821380616,3275.638409614563,725000
8.3711605,-8.019979,155.95844,674.7844,1.9316615,-9.51894,0.06591094,1.0,108.751205,0.8412246,-4.619858,0.010066002,1.0,0.9112328,-44.36356,-99.34169,1.093957,668.5215,1.8200719,-9.7044935,0.10302156,1.0,112.25694,0.8500793,-4.6293945,0.013880822,1.0,0.12322852,-43.901054,-99.68086,2.7406158,0.003699583911895752,3294.1363322734833,730000
3.367859,-3.0347455,106.30847,673.58923,2.0378675,-9.546921,0.07150711,1.0,106.51878,0.8333285,-4.6204906,0.010319217,1.0,3.0452135,-42.840897,-99.56891,1.3494692,673.86414,1.893499,-9.620839,0.08629073,1.0,105.07664,0.8548758,-4.6338396,0.015658861,1.0,0.12301953,-43.126774,-99.3791,3.836069,0.0036954734325408936,3312.613706111908,735000
4.238049,-4.3140974,116.64818,667.1776,1.9318876,-9.519333,0.06598958,1.0,97.48895,0.84484375,-4.6212816,0.010635677,1.0,0.017871723,-46.328503,-99.39693,1.1600657,673.3556,1.8489294,-9.644692,0.09106143,1.0,103.14877,0.8911925,-4.636144,0.016580557,1.0,0.080601424,-43.939365,-99.40432,3.9656198,0.0036978015422821043,3331.1027166843414,740000
5.5228176,-7.036828,127.245155,678.0217,2.1175807,-9.524614,0.06704577,1.0,109.46178,0.8494834,-4.624978,0.012114175,1.0,0.14561369,-44.57962,-99.418144,1.0117471,655.6427,1.7581211,-9.645782,0.09127953,1.0,107.103424,0.77550405,-4.630766,0.014429405,1.0,0.10526036,-44.667725,-99.30954,2.5473857,0.0036957901954650877,3349.58167052269,745000
4.3870535,-4.455311,109.94072,647.412,1.9481964,-9.560282,0.07417935,1.0,104.056625,0.83680916,-4.621994,0.010920605,1.0,0.11379423,-42.734123,-99.81156,1.3291676,674.42834,1.8170075,-9.711208,0.104364626,1.0,111.67012,0.83348846,-4.632506,0.015125281,1.0,0.06951684,-42.66259,-99.33799,5.047592,0.003696153402328491,3368.0624408721924,750000
3.6417575,-3.9746308,111.788345,664.726,1.9270008,-9.507885,0.06369995,1.0,107.89194,0.84234345,-4.6251163,0.012169391,1.0,-0.0335995,-44.05509,-99.737175,0.82202005,655.6749,1.7226903,-9.725954,0.107313834,1.0,106.13182,0.8184571,-4.6294794,0.013914813,1.0,-0.011184014,-42.889763,-99.51675,3.0811796,0.003695651197433472,3386.5406999588013,755000
10.391182,-11.3698635,179.01102,655.8187,1.9417477,-9.553496,0.07282227,1.0,99.50496,0.8042232,-4.6206493,0.010382781,1.0,0.059375133,-43.20984,-99.4849,1.6503017,682.6555,1.7993487,-9.63558,0.089238875,1.0,103.76927,0.85404426,-4.6312013,0.014603413,1.0,0.11059496,-42.433098,-99.471725,2.3303664,0.0036974244594573974,3405.0278248786926,760000
3.7661016,-3.4047513,111.339516,687.5111,2.0836937,-9.528765,0.06787604,1.0,113.76358,0.8790385,-4.6206226,0.010371904,1.0,0.108401105,-44.789368,-99.490944,1.0047963,667.5421,2.0007985,-9.620373,0.08619758,1.0,120.05954,0.92827415,-4.629943,0.01410001,1.0,0.21292728,-44.111885,-99.41925,5.204562,0.0036948627471923828,3423.5021419525146,765000
10.162074,-10.752788,190.32285,669.54987,1.9593747,-9.477508,0.057624627,1.0,101.16498,0.7698766,-4.6199293,0.010094649,1.0,3.9812586,-46.342815,-99.97737,1.7812461,660.9851,1.793601,-9.662109,0.09454488,1.0,102.960304,0.79690075,-4.631569,0.0147505505,1.0,0.08598193,-45.58221,-99.60457,2.217509,0.003699096393585205,3441.997627019882,770000
4.74755,-3.7481506,125.52344,675.2532,2.16794,-9.488807,0.05988433,1.0,115.40249,0.847474,-4.6234612,0.011507554,1.0,0.21578494,-44.141663,-99.39962,1.0893669,677.24036,2.009277,-9.598089,0.081740685,1.0,125.22215,0.90750694,-4.632378,0.015074233,1.0,0.24910006,-43.670586,-99.28998,2.974414,0.0036979437351226806,3460.4873483181,775000
4.1618543,-4.801619,137.15565,672.8501,2.1311655,-9.576681,0.07745899,1.0,114.709015,0.8531926,-4.6227493,0.011222737,1.0,0.024107624,-43.815437,-99.90676,1.6020291,714.0742,2.438366,-9.615861,0.08529528,1.0,114.824814,0.9208962,-4.6335044,0.015524763,1.0,0.09860412,-45.340454,-99.53529,2.323134,0.0036970502853393553,3478.9726042747498,780000
3.8431425,-4.584138,140.3441,650.9281,1.9872769,-9.550295,0.072182015,1.0,115.86049,0.85358155,-4.620035,0.010137185,1.0,0.09953021,-43.572685,-99.446396,1.4396058,664.86884,1.8551097,-9.673532,0.096829146,1.0,118.956116,0.835781,-4.635769,0.016430447,1.0,0.08404282,-43.2808,-99.429924,3.432044,0.0037012716770172117,3497.47896528244,785000
4.774486,-5.3840303,138.07196,684.0592,1.8899944,-9.610886,0.084300146,1.0,118.13088,0.92622936,-4.620152,0.010183769,1.0,0.1442785,-41.932674,-99.28175,1.0083162,688.88574,2.0757923,-9.637195,0.08956192,1.0,107.68472,0.7328887,-4.635488,0.016318152,1.0,0.10430599,-43.820637,-99.289696,3.6802242,0.0036932114601135255,3515.9450249671936,790000
3.4787722,-3.621052,132.08247,686.88965,2.130457,-9.520543,0.066231556,1.0,98.172104,0.81040263,-4.620906,0.010485312,1.0,0.33102125,-44.39045,-99.5183,1.5020822,701.28687,2.1006253,-9.667463,0.09561577,1.0,111.58209,0.7402852,-4.6369133,0.016888363,1.0,0.2523318,-45.159172,-99.94122,3.5443912,0.003695246171951294,3534.4212584495544,795000
7.3736067,-4.249803,122.24825,656.91077,2.006511,-9.5073595,0.06359488,1.0,104.271706,0.8137532,-4.6222196,0.01101087,1.0,0.25589025,-43.805977,-99.31415,1.2103572,661.9684,1.6099474,-9.701628,0.10244872,1.0,106.56185,0.8020385,-4.6356964,0.016401399,1.0,0.21253383,-43.53118,-99.24856,3.8722606,0.003697317981719971,3552.907851457596,800000
21.768328,-23.226173,289.07275,683.10474,1.9744546,-9.557323,0.073587574,1.0,111.871,0.8730011,-4.6216435,0.010780342,1.0,0.0098590925,-41.83474,-99.34092,2.2759776,682.38403,2.0062594,-9.709644,0.10405183,1.0,124.096664,1.0039091,-4.6321774,0.014993973,1.0,0.008303251,-44.613186,-99.414894,3.9277072,0.018276003313064577,3644.287871360779,805000
9.411097,-6.426766,158.96652,671.4321,2.0370739,-9.477029,0.057528805,1.0,98.48862,0.7755685,-4.6216097,0.010766931,1.0,0.15477298,-43.176003,-99.44057,1.6456523,649.6154,1.7358944,-9.607185,0.08356002,1.0,101.962814,0.8781239,-4.634266,0.01582929,1.0,0.12812138,-42.58745,-99.25871,2.704827,0.0036864939212799073,3662.720343351364,810000
9.050407,-10.427264,174.74185,675.5294,1.8821882,-9.546178,0.071358524,1.0,101.66481,0.80698705,-4.620787,0.010437811,1.0,0.06869902,-44.815903,-99.213684,1.4399216,681.6133,2.1652622,-9.609283,0.0839796,1.0,110.43631,0.85928833,-4.634017,0.015729805,1.0,0.08525352,-43.245983,-99.07666,3.8856587,0.003692887115478516,3681.1847820281982,815000
9.550246,-5.0565567,128.60059,677.69916,2.215239,-9.494532,0.061029475,1.0,93.74518,0.7423607,-4.6196427,0.009980105,1.0,0.15382306,-44.730206,-99.372955,1.2581329,668.849,1.833504,-9.704634,0.10304971,1.0,102.664635,0.8975302,-4.632509,0.0151266605,1.0,0.10447636,-44.58435,-99.408714,4.357772,0.0036952008247375487,3699.660788297653,820000
6.636278,-6.919239,137.42041,646.5656,1.6554283,-9.490739,0.060270846,1.0,108.07159,0.8686491,-4.624072,0.011751796,1.0,0.117358565,-42.686356,-99.38443,1.5611444,674.1046,1.940833,-9.566856,0.07549412,1.0,101.241425,0.70963883,-4.6320276,0.014933914,1.0,0.13807207,-43.85439,-99.44608,3.9683704,0.003695985460281372,3718.1407186985016,825000
7.52749,-3.6540074,110.906525,671.61975,2.2219396,-9.469917,0.0561062,1.0,99.79225,0.7573501,-4.6178117,0.009247671,1.0,0.08494276,-44.4355,-99.3306,1.0516664,675.62415,2.2060575,-9.690769,0.10027685,1.0,95.209175,0.80451405,-4.633562,0.015547708,1.0,0.14808583,-42.86055,-99.43164,4.485258,0.00369661283493042,3736.6237852573395,830000
4.6590414,-5.029649,134.08267,678.8606,2.0571158,-9.552742,0.07267132,1.0,110.61305,0.810727,-4.6225295,0.011134818,1.0,0.12024387,-43.163105,-99.270966,1.9131854,672.65314,2.0275154,-9.680373,0.098197505,1.0,114.28456,0.8932965,-4.628001,0.013323488,1.0,0.081233054,-43.15895,-99.32509,3.7801983,0.0036985789775848387,3755.116682767868,835000
7.037144,-8.920224,164.6058,641.54767,1.7210484,-9.517948,0.06571267,1.0,112.126434,0.8460797,-4.621703,0.010804065,1.0,0.18551359,-42.6727,-99.605835,1.6627569,663.58606,1.9254272,-9.602861,0.08269523,1.0,116.78722,0.8228112,-4.62873,0.013614922,1.0,0.15815747,-42.59146,-99.50375,3.2565572,0.0037060351371765135,3773.6468620300293,840000
4.436223,-3.555057,132.51392,671.2016,2.0551367,-9.485445,0.059211966,1.0,106.94142,0.84421396,-4.6211634,0.010588464,1.0,0.08135053,-43.992256,-99.510345,1.4199009,688.5748,2.159689,-9.634287,0.08898046,1.0,104.092,0.807282,-4.631935,0.014897177,1.0,0.0631565,-43.598183,-99.591095,2.6438284,0.0037047269821166994,3792.1705000400543,845000
4.5865273,-6.585631,158.15894,659.8219,1.8010037,-9.514772,0.06507734,1.0,99.40508,0.8015901,-4.6185794,0.0095547605,1.0,0.26444176,-44.371445,-99.41992,1.5521014,688.572,2.3513246,-9.556534,0.073429845,1.0,94.71927,0.7996885,-4.634176,0.015793318,1.0,0.3986401,-42.489677,-99.33032,4.054863,0.0036967917919158936,3810.654461622238,850000
13.064177,-12.042607,167.4332,665.19055,2.0417972,-9.535423,0.06920748,1.0,106.96744,0.820238,-4.617531,0.009135201,1.0,0.509735,-43.578636,-99.53798,1.4287202,677.60254,2.2047226,-9.640335,0.09018989,1.0,103.821625,0.8186789,-4.636161,0.016587371,1.0,0.57004076,-44.039642,-99.39214,3.0116599,0.00369657678604126,3829.1373493671417,855000
3.837099,-7.140997,167.41959,664.5953,1.9540968,-9.532443,0.06861164,1.0,111.3893,0.7902149,-4.6213036,0.01064444,1.0,0.120158695,-43.88155,-99.14442,1.8122921,669.2918,1.9774613,-9.685406,0.09920426,1.0,115.68241,0.9399244,-4.630125,0.014173013,1.0,0.5093094,-45.295044,-99.313,4.985406,0.003697473955154419,3847.624722957611,860000
4.8750553,-5.148243,142.21814,663.0759,2.1608863,-9.507699,0.06366267,1.0,104.91408,0.8282954,-4.6218076,0.010845936,1.0,0.26711205,-45.942207,-99.335144,1.2233169,658.3982,1.6726112,-9.627555,0.08763396,1.0,106.921364,0.8243374,-4.631871,0.014871326,1.0,0.20888361,-43.2498,-99.40879,1.7970784,0.0036975512981414797,3866.112483739853,865000
8.527624,-8.712433,205.09082,652.0194,2.0707538,-9.530384,0.06819972,1.0,105.87548,0.86848766,-4.624135,0.011776835,1.0,0.07347788,-43.48761,-99.36174,1.4597476,668.09875,1.9332507,-9.616887,0.08550044,1.0,109.621506,0.7541647,-4.6336904,0.015599179,1.0,0.1584346,-44.560783,-99.26291,2.3902633,0.003696463108062744,3884.5948026180267,870000
4.5072227,-4.3301334,136.9254,656.33215,1.740062,-9.465931,0.055309113,1.0,94.51681,0.78598297,-4.62266,0.011186985,1.0,0.08691167,-45.14305,-99.43393,1.6476828,656.4359,1.7156376,-9.657148,0.09355251,1.0,110.25586,0.7824555,-4.6376305,0.017175084,1.0,0.060986415,-43.147667,-99.335396,3.2610493,0.0036973435401916506,3903.0815246105194,875000
8.756548,-12.394421,189.58119,656.6653,1.8612496,-9.532139,0.06855092,1.0,110.87294,0.84371597,-4.6209297,0.0104946755,1.0,0.2613871,-45.470737,-99.300865,1.7938557,663.448,2.0007992,-9.65296,0.092715,1.0,109.88771,0.811319,-4.6286907,0.013599384,1.0,0.1918247,-43.05944,-99.23673,4.2561965,0.003694626522064209,3921.554659843445,880000
6.1149287,-6.538497,138.37415,662.3394,1.8195199,-9.551555,0.07243382,1.0,107.904945,0.8810084,-4.6213813,0.010675502,1.0,0.18110368,-43.38623,-99.42323,1.2485024,664.0343,1.9269563,-9.672116,0.09654621,1.0,109.23523,0.76266503,-4.6332016,0.015403655,1.0,0.13484417,-41.860718,-99.290085,2.6686187,0.003699995279312134,3940.05463886261,885000
6.801157,-5.027659,183.94795,681.2908,2.141686,-9.539552,0.07003339,1.0,108.479706,0.8372505,-4.6196623,0.009987845,1.0,0.21343009,-42.864204,-99.33774,1.3874787,663.67413,1.7694087,-9.660785,0.09427991,1.0,105.044586,0.7579049,-4.631788,0.014838028,1.0,0.29442048,-44.542625,-99.44547,3.8365567,0.003701862812042236,3958.563955783844,890000
5.715807,-11.015988,172.20813,668.74536,2.11409,-9.499579,0.062038817,1.0,110.91536,0.84089476,-4.62044,0.010299007,1.0,0.033980098,-43.338425,-99.524445,1.9218692,668.5022,1.7507921,-9.713141,0.10475125,1.0,107.06157,0.84933686,-4.6345167,0.015929738,1.0,0.01877854,-47.15605,-99.27658,3.1405983,0.003698958921432495,3977.0587577819824,895000
5.6669736,-5.3683047,160.89041,670.9645,1.9382133,-9.540655,0.07025397,1.0,111.69596,0.84021723,-4.6189356,0.0096970545,1.0,0.11076008,-41.956406,-99.39325,1.1785882,692.8154,2.0756962,-9.55872,0.07386696,1.0,101.20311,0.8961613,-4.636314,0.016648542,1.0,0.19939363,-43.997375,-99.48945,3.2131913,0.0037016033172607423,3995.5667786598206,900000
16.469635,-17.624298,226.82758,668.974,1.7592003,-9.538387,0.06980043,1.0,117.04678,0.9024981,-4.6202126,0.01020808,1.0,0.082661524,-44.866806,-99.34213,1.3589118,659.90137,1.8938727,-9.670841,0.09629136,1.0,111.9143,0.9146773,-4.6354427,0.016299978,1.0,0.11644545,-43.89079,-99.527695,3.0952313,0.018370274305343628,4087.418154478073,905000
5.689874,-6.9029922,149.14471,671.63525,1.9178643,-9.502754,0.06267398,1.0,103.505005,0.8106531,-4.625676,0.012393385,1.0,0.37720886,-44.777557,-99.57317,1.242552,687.515,2.197413,-9.652523,0.0926277,1.0,102.47978,0.75864184,-4.638387,0.017477939,1.0,0.43753636,-43.06422,-99.41877,3.886486,0.0036873327255249025,4105.854820966721,910000
7.4913177,-12.664145,181.65413,693.0095,1.9910635,-9.553797,0.07288239,1.0,106.301186,0.8243342,-4.620983,0.01051622,1.0,0.079158396,-45.834995,-99.52402,1.3798866,670.245,1.8790367,-9.689913,0.10010536,1.0,105.9498,0.82197374,-4.632377,0.015073846,1.0,0.47927928,-44.95073,-99.568665,3.4775767,0.003690750169754028,4124.308579444885,915000
14.663644,-13.527105,202.74716,671.3941,2.0143516,-9.514763,0.06507573,1.0,104.72304,0.80514306,-4.6218424,0.010859947,1.0,4.945615,-45.48051,-99.51395,1.3900592,672.78595,1.8507462,-9.584402,0.079003446,1.0,100.809845,0.90876734,-4.6277404,0.013219126,1.0,0.15581837,-45.368797,-99.636375,3.7947774,0.003699735975265503,4142.807262420654,920000
6.5359564,-8.782035,180.91795,676.621,2.443088,-9.491451,0.06041323,1.0,112.167145,0.866792,-4.618653,0.009583994,1.0,0.6225984,-45.061478,-99.1675,2.4098544,658.9994,1.9444788,-9.709017,0.10392614,1.0,114.13976,0.9578991,-4.637355,0.017064739,1.0,0.18224895,-44.28283,-99.289825,5.04856,0.0037000516414642335,4161.307523727417,925000
7.4837265,-7.7944336,155.37039,652.96716,1.7743461,-9.556979,0.073518805,1.0,100.94171,0.81950724,-4.6240363,0.011737411,1.0,0.10894358,-44.18184,-99.47661,1.7395799,674.822,2.0937414,-9.69722,0.101566866,1.0,95.29888,0.8309752,-4.63356,0.015547064,1.0,0.08144377,-45.410866,-99.21319,2.6810334,0.003694759511947632,4179.781324863434,930000
3.1916704,-3.7448566,145.3372,669.59314,1.9428178,-9.473832,0.056889486,1.0,108.73122,0.8272219,-4.6205397,0.010338879,1.0,1.4596598,-45.185238,-99.45285,1.452137,664.6295,2.0083375,-9.731107,0.108344436,1.0,107.96178,0.7862037,-4.631438,0.014698133,1.0,0.23607258,-44.586884,-99.541016,4.7865252,0.0036951918125152586,4198.257289648056,935000
13.477436,-12.713643,223.0232,657.3267,1.9435854,-9.504056,0.06293412,1.0,105.13086,0.82219815,-4.6186247,0.009572636,1.0,0.052345283,-43.050583,-99.295975,1.4025161,662.537,1.7434585,-9.640236,0.09017029,1.0,90.726074,0.78831714,-4.636293,0.016640203,1.0,0.086452335,-42.613922,-99.33423,3.1203685,0.003697344160079956,4216.744013786316,940000
7.88827,-6.4852633,131.30617,645.2947,1.7441717,-9.49645,0.061412968,1.0,109.81192,0.83477646,-4.6251383,0.012178167,1.0,0.22136599,-45.247326,-99.42078,1.18681,657.0233,1.7858133,-9.677043,0.09753152,1.0,105.46746,0.7082849,-4.6348143,0.016048664,1.0,0.17109433,-42.851124,-99.42461,3.1208725,0.0036932913303375243,4235.2104914188385,945000
6.181567,-3.956423,148.9849,655.9407,1.9642938,-9.561828,0.07448848,1.0,106.24649,0.8044356,-4.6246643,0.011988708,1.0,0.03077483,-44.175335,-99.382416,2.1362085,685.07025,2.2701473,-9.676371,0.09739696,1.0,111.8145,0.98495746,-4.630057,0.014145662,1.0,-0.0033606142,-42.625114,-99.412415,5.3037767,0.00369908971786499,4253.705942869186,950000
4.106146,-3.954116,138.21487,670.7749,2.2952185,-9.469084,0.055939715,1.0,98.825516,0.79992765,-4.6190443,0.009740609,1.0,0.1394135,-45.906242,-99.4038,1.1779647,664.3609,1.9927022,-9.648064,0.09173571,1.0,102.533646,0.80346036,-4.629191,0.013799305,1.0,0.32859293,-43.79899,-99.28748,3.985678,0.0036961421489715577,4272.186656236649,955000
7.243882,-8.032335,170.21164,665.90186,1.9784026,-9.506826,0.06348833,1.0,107.15355,0.76216006,-4.619989,0.010118584,1.0,0.100954466,-43.29105,-99.388054,1.8146163,674.21643,1.985435,-9.633023,0.08872775,1.0,112.24799,0.93773293,-4.6357164,0.016409434,1.0,0.51652735,-44.650223,-99.33751,4.206825,0.00369463791847229,4290.659850120544,960000
5.3489027,-5.4623075,142.2745,659.04675,1.6800851,-9.528138,0.06775049,1.0,107.50984,0.8519592,-4.619235,0.009817007,1.0,0.12890744,-45.12918,-99.37102,1.1751359,661.9348,1.9948208,-9.761835,0.11449003,1.0,108.87448,0.77422154,-4.633745,0.01562113,1.0,0.23333447,-44.08084,-99.27783,4.374239,0.0036942630290985106,4309.131168842316,965000
15.970318,-17.442327,207.26003,670.1664,2.038898,-9.4995,0.062022936,1.0,111.49002,0.8119977,-4.6223316,0.0110555375,1.0,0.11397552,-44.942207,-99.265045,1.199527,672.49194,1.9562747,-9.635951,0.08931308,1.0,104.10716,0.83565176,-4.632062,0.014947727,1.0,0.25195277,-44.280003,-99.169395,3.5067215,0.003701705503463745,4327.63970208168,970000
6.794331,-7.538069,147.64098,660.3837,1.8299793,-9.507219,0.063566685,1.0,106.63931,0.81204414,-4.6198874,0.010077919,1.0,0.10376926,-44.731483,-99.25221,1.236151,667.3736,1.9766326,-9.604008,0.08292448,1.0,108.12396,0.82309073,-4.637706,0.017205337,1.0,0.08061424,-44.42004,-99.15701,2.6535287,0.003700706434249878,4346.1432383060455,975000
4.9235225,-4.508847,112.50892,667.8695,1.9593806,-9.484434,0.059009623,1.0,107.853615,0.79543257,-4.6215467,0.010741773,1.0,0.077967405,-42.33051,-99.34169,1.0686367,680.5021,2.1635725,-9.665195,0.095161974,1.0,113.479706,0.9585286,-4.636102,0.016563833,1.0,0.114041016,-44.76319,-99.46544,5.461874,0.003706212568283081,4364.674304008484,980000
10.799176,-14.118408,201.47733,678.1167,2.0218925,-9.55239,0.07260109,1.0,97.93817,0.7986169,-4.6215997,0.0107628,1.0,0.15945554,-43.634514,-99.479324,1.1643744,690.5736,2.1822429,-9.648008,0.09172465,1.0,104.045586,0.90984035,-4.6275992,0.013162692,1.0,0.11224266,-42.111443,-99.311066,3.67644,0.0036985602378845216,4383.167107820511,985000
4.9207153,-5.555498,158.6225,644.6084,1.7908343,-9.546877,0.07149826,1.0,109.43094,0.8816991,-4.618793,0.0096402755,1.0,0.059744142,-44.276497,-99.26401,1.8018206,678.2619,2.0097702,-9.65992,0.094106935,1.0,103.12606,0.8406814,-4.6352644,0.016228614,1.0,0.3593284,-43.22512,-99.19975,4.8163986,0.0036958207607269288,4401.646215677261,990000
8.332296,-8.37528,165.02493,658.651,1.9692844,-9.541103,0.070343696,1.0,98.49875,0.854988,-4.618154,0.009384588,1.0,0.09459515,-45.932945,-99.36876,1.0633742,665.26074,1.95469,-9.682402,0.09860332,1.0,103.59184,0.8114157,-4.6338463,0.015661389,1.0,0.0709444,-43.521347,-99.33391,3.6495318,0.0036991036415100096,4420.141736745834,995000
4.293006,-4.2875886,148.36249,675.9475,2.0007231,-9.57242,0.07660692,1.0,111.319885,0.84593177,-4.623669,0.011590669,1.0,0.25297445,-44.69529,-99.29944,1.8029631,680.1216,1.9700451,-9.6186905,0.08586102,1.0,115.083755,0.920846,-4.634147,0.015781837,1.0,0.9671335,-45.720352,-99.40227,4.0420322,0.0037024118423461916,4438.653799533844,1000000
