training/actor/actor_loss,training/actor/bc_log_prob,training/actor/bc_loss,training/actor/mse,training/actor/q_abs_mean,training/actor/q_loss,training/actor/q_mean,training/actor/std,training/critic/binary_accuracy,training/critic/categorical_accuracy,training/critic/contrastive_loss,training/critic/logits,training/critic/logits_neg,training/critic/logits_pos,training/critic/v_max,training/critic/v_mean,training/critic/v_min,training/grad/max,training/grad/min,training/grad/norm,validation/actor/actor_loss,validation/actor/bc_log_prob,validation/actor/bc_loss,validation/actor/mse,validation/actor/q_abs_mean,validation/actor/q_loss,validation/actor/q_mean,validation/actor/std,validation/critic/binary_accuracy,validation/critic/categorical_accuracy,validation/critic/contrastive_loss,validation/critic/logits,validation/critic/logits_neg,validation/critic/logits_pos,validation/critic/v_max,validation/critic/v_mean,validation/critic/v_min,time/epoch_time,time/total_time,step
14.92526,-4.6422386,13.926715,0.019018317,5.1809044,0.9985444,-5.173364,1.0,0.99903774,0.33007812,0.0043975166,-15.777384,-15.789352,-3.5334582,5.6840215,0.1340326,7.20368e-06,0.08590692,-0.107015476,1.0014544,14.919151,-4.6398444,13.919534,0.018060723,4.901326,0.9996173,-4.8994513,1.0,0.9990177,0.23828125,0.0048248796,-15.450764,-15.46235,-3.5980997,25.5139,0.13944452,4.9918685e-07,0.01857609786987305,92.88049697875977,5000
14.912443,-4.6401334,13.920402,0.018176427,4.694128,0.9920417,-4.6567717,1.0,0.99907875,0.3955078,0.0040172557,-14.672304,-14.6838,-2.9131873,13.02123,0.3469683,1.836665e-05,0.08875826,-0.13141806,0.79476243,14.911482,-4.638795,13.916384,0.017640883,5.1515923,0.9950984,-5.1263423,1.0,0.99894524,0.28515625,0.004590664,-14.6156845,-14.626767,-3.2783756,43.116634,0.304891,2.2123595e-06,0.003629588985443115,111.0284469127655,10000
14.8991585,-4.6390743,13.917225,0.017752836,4.948921,0.9819333,-4.8595114,1.0,0.99913406,0.41601562,0.003827882,-14.383495,-14.394918,-2.6977108,31.072508,0.59550613,6.8274886e-07,0.1092443,-0.09501974,0.83421904,14.911992,-4.6392746,13.917824,0.01783288,5.497119,0.99416864,-5.465064,1.0,0.99891853,0.29785156,0.0047861543,-14.329593,-14.340334,-3.3412604,22.371298,0.43479145,2.5385539e-08,0.0036645103454589845,129.3510024547577,15000
14.91264,-4.644807,13.93442,0.02004568,4.823526,0.97821975,-4.718469,1.0,0.99914455,0.48046875,0.003404463,-14.965677,-14.97813,-2.2260985,29.417755,0.84917724,1.6177363e-07,0.082075104,-0.13764471,1.011605,14.884914,-4.6348104,13.904429,0.016046954,5.9572444,0.9804849,-5.840989,1.0,0.9988537,0.2890625,0.0051014377,-14.928488,-14.939658,-3.500415,43.426296,0.7457715,3.5956194e-08,0.0037447402954101563,148.07470798492432,20000
14.879864,-4.638832,13.916495,0.017655732,4.7487826,0.96336883,-4.57483,1.0,0.9992075,0.5810547,0.002894219,-15.969606,-15.983644,-1.6092944,69.31999,1.3394542,1.5961461e-06,0.079097666,-0.10805991,0.8374065,14.911876,-4.643235,13.929706,0.019417046,6.6895733,0.9821705,-6.5703025,1.0,0.9988928,0.2890625,0.005428314,-15.909981,-15.921686,-3.9356284,119.77214,0.97918427,2.2465132e-08,0.003715478324890137,166.65210485458374,25000
14.865078,-4.634347,13.903042,0.015861785,4.7056017,0.9620364,-4.526961,1.0,0.99924755,0.63671875,0.002523438,-16.62465,-16.639751,-1.175809,362.43845,1.9900708,1.2351501e-05,0.069790676,-0.069461666,0.7427383,14.882826,-4.6348906,13.904671,0.016079087,7.7693696,0.97815496,-7.5996485,1.0,0.9987793,0.28222656,0.0060602743,-16.553679,-16.56566,-4.2941813,81.98358,1.514176,2.2419875e-09,0.00371106653213501,185.2074418067932,30000
14.846644,-4.6347,13.904099,0.016002877,4.6116447,0.942545,-4.3466835,1.0,0.9992418,0.6582031,0.0024639403,-17.123678,-17.139307,-1.1359849,426.43277,1.9543726,1.0486876e-06,0.12269327,-0.11377596,0.9254032,14.902977,-4.6408224,13.922467,0.018451924,8.224333,0.9805096,-8.064038,1.0,0.9987736,0.2607422,0.006430835,-17.038877,-17.050936,-4.703454,748.9865,1.9523662,1.3542296e-10,0.003705209541320801,203.7334942817688,35000
14.820169,-4.630403,13.89121,0.014284238,4.7848973,0.9289601,-4.4449797,1.0,0.9993143,0.6982422,0.0022899401,-17.677053,-17.693449,-0.90278924,178.39275,2.3587742,2.1622686e-06,0.080918595,-0.11777614,0.81201476,14.886217,-4.637411,13.912233,0.01708741,8.425286,0.9739833,-8.206089,1.0,0.998744,0.24707031,0.0067895055,-17.674719,-17.687164,-4.9424124,841.0741,3.6563675,2.2519764e-10,0.003725143575668335,222.3592221736908,40000
14.853245,-4.6373215,13.911964,0.017051443,4.7376823,0.94127995,-4.4594865,1.0,0.99932766,0.69921875,0.0021886511,-18.113873,-18.130861,-0.73626184,158.24887,2.4811277,1.4097234e-11,0.17317179,-0.07601817,0.90527654,14.89664,-4.638773,13.916319,0.017632121,8.860984,0.9803209,-8.686608,1.0,0.9987831,0.25878906,0.007042065,-17.932924,-17.945349,-5.2221727,564.2139,3.6542907,3.5404785e-10,0.0037256499767303465,240.98747897148132,45000
14.833143,-4.6340733,13.90222,0.015752302,4.508254,0.93092346,-4.1968403,1.0,0.9992943,0.7109375,0.0021123379,-18.451488,-18.468828,-0.71550167,119.73189,2.4008253,2.941584e-09,0.0673691,-0.067642376,0.7336727,14.894563,-4.6388965,13.916689,0.017681543,9.17898,0.97787374,-8.975884,1.0,0.99873257,0.24707031,0.007436596,-18.617249,-18.63001,-5.5628996,481.94785,2.9446144,2.454794e-11,0.0037143229961395263,259.5590977668762,50000
14.81553,-4.6336203,13.900862,0.015571229,4.7658076,0.9146681,-4.359133,1.0,0.9993658,0.7451172,0.0019851953,-18.485786,-18.503452,-0.41499114,103.5994,3.086033,2.7264346e-07,0.09808942,-0.08408928,0.8322757,14.885078,-4.6373167,13.911949,0.017049516,9.154621,0.9731292,-8.90863,1.0,0.9987173,0.25683594,0.0072643207,-18.457186,-18.470005,-5.3451667,1166.0076,3.0653872,3.455376e-11,0.0037256919860839846,278.18756198883057,55000
14.802064,-4.6319966,13.89599,0.01492171,4.4956427,0.9060732,-4.0733824,1.0,0.99938774,0.7597656,0.0018794839,-19.00418,-19.02247,-0.29185566,114.24858,3.172699,2.044871e-06,0.068352334,-0.11988256,0.84487545,14.903408,-4.641484,13.924451,0.018716455,9.792316,0.97895706,-9.586259,1.0,0.998785,0.2783203,0.0070729773,-18.814392,-18.82769,-5.209939,501.4804,3.9813883,1.9543943e-11,0.003724478483200073,296.80996227264404,60000
14.813694,-4.634434,13.903303,0.015896669,4.648123,0.9103906,-4.2316084,1.0,0.99938774,0.7597656,0.0018955321,-19.028316,-19.046719,-0.20382681,4792.6475,5.8400226,1.3008221e-08,0.036841754,-0.13542262,0.7142521,14.881816,-4.6356936,13.907081,0.016400311,9.724149,0.97473526,-9.478472,1.0,0.9987545,0.27539062,0.007383769,-18.951292,-18.964552,-5.385848,695.9087,4.57503,1.4878368e-12,0.003717877244949341,315.39935660362244,65000
14.799483,-4.6336994,13.901099,0.015602836,4.42274,0.8983839,-3.973319,1.0,0.99942875,0.7685547,0.0018576193,-19.379185,-19.397884,-0.24939594,142.91202,3.5324814,2.1886459e-08,0.072744474,-0.12397608,0.9720399,14.880906,-4.6346283,13.903885,0.015974214,9.982979,0.9770209,-9.75358,1.0,0.9986563,0.22851562,0.008092184,-19.268383,-19.281242,-6.1150002,1110.1262,4.560438,1.7772507e-11,0.003726318311691284,334.03095388412476,70000
14.778677,-4.6332207,13.899662,0.01541126,4.2667265,0.8790145,-3.7505152,1.0,0.9994087,0.75878906,0.0018179896,-19.383884,-19.402586,-0.25220224,213.38889,3.407615,9.2353303e-10,0.1448363,-0.05772987,0.8013014,14.883571,-4.6352477,13.905743,0.016221909,10.063469,0.9778281,-9.840343,1.0,0.99876976,0.25097656,0.00763195,-19.251171,-19.264286,-5.8357315,591.74774,3.3338437,8.595207e-12,0.003712968730926514,352.59580183029175,75000
14.796291,-4.631748,13.895245,0.014822222,4.386446,0.90104705,-3.952395,1.0,0.9993725,0.75390625,0.001854365,-19.60268,-19.62154,-0.30878305,1728.7427,4.2401147,1.4377973e-06,0.11074665,-0.1174785,1.0158378,14.885409,-4.637483,13.912449,0.017116068,10.269699,0.9729608,-9.992016,1.0,0.9987345,0.265625,0.007845528,-19.587725,-19.600912,-6.0973825,1160.6339,4.089578,3.1432527e-11,0.003725576114654541,371.22368693351746,80000
14.748259,-4.6323757,13.897127,0.015073294,4.345148,0.8511315,-3.6982932,1.0,0.9994192,0.765625,0.001780899,-19.853157,-19.872463,-0.10303405,800.78546,4.2764397,7.868398e-08,0.0738273,-0.054252155,0.6129061,14.894236,-4.6377873,13.9133625,0.01723797,10.6623535,0.9808732,-10.458418,1.0,0.9987364,0.24609375,0.00752177,-19.615156,-19.628813,-5.642823,22576.867,18.974056,2.9459029e-12,0.0037265399932861327,389.8563914299011,85000
14.78046,-4.6311827,13.893547,0.014595999,4.384969,0.88691366,-3.88909,1.0,0.999444,0.7919922,0.001662988,-19.721596,-19.74086,-0.013882863,175.92575,3.746889,7.3090973e-07,0.050162975,-0.06654616,0.6348121,14.8948555,-4.6384225,13.915267,0.017491931,10.729042,0.97958875,-10.51005,1.0,0.99874973,0.2578125,0.0079528,-19.824217,-19.837557,-6.1760154,1756.963,5.0836744,1.8182929e-12,0.003721759557723999,408.4651942253113,90000
14.766751,-4.6292534,13.887759,0.013824287,4.3386736,0.8789921,-3.8136609,1.0,0.9994564,0.80078125,0.0016340333,-19.910336,-19.9298,0.0025220998,293.4625,3.9360147,2.2051037e-09,0.03529345,-0.06365757,0.7104304,14.886526,-4.6384478,13.915342,0.017502,10.517007,0.9711833,-10.213943,1.0,0.9987078,0.27929688,0.008019042,-19.93297,-19.946642,-5.946464,3769.8225,11.368637,9.943565e-13,0.0037373822689056395,427.15211057662964,95000
14.782241,-4.6319427,13.895827,0.014899978,4.199058,0.8864133,-3.7221017,1.0,0.9994364,0.8095703,0.0015965445,-19.851974,-19.871498,0.119822845,154.25854,4.375391,1.5700176e-06,0.10341832,-0.05475613,0.7898542,14.902092,-4.6424766,13.927429,0.019113492,10.688293,0.9746631,-10.417485,1.0,0.99866676,0.2265625,0.008275816,-19.964806,-19.978163,-6.3029175,1984.7144,4.8693094,6.696342e-12,0.0037159554958343505,445.7318913936615,100000
14.772221,-4.6350613,13.905185,0.0161476,4.3202543,0.867036,-3.7458167,1.0,0.999424,0.796875,0.0016785465,-20.046694,-20.06628,-0.010173811,159.52806,4.03269,3.0517504e-07,0.06694108,-0.07193534,0.8946016,14.89834,-4.640275,13.920824,0.018232966,10.6981,0.9775157,-10.4575615,1.0,0.99872494,0.25195312,0.008100731,-20.000893,-20.014486,-6.0956445,8728.081,11.814216,2.5698348e-12,0.015516812705993652,523.3159604072571,105000
14.7610855,-4.630329,13.890987,0.01425452,4.358348,0.87009823,-3.7921915,1.0,0.9994364,0.7753906,0.001668271,-19.968159,-19.9878,0.124641225,789.10156,4.8326635,4.473438e-08,0.07471187,-0.13292152,0.81133735,14.882148,-4.6365323,13.909597,0.016735943,10.773498,0.9725508,-10.477775,1.0,0.9986944,0.234375,0.0083270995,-20.182716,-20.196102,-6.4903264,2919.8518,8.008223,1.962911e-12,0.0037194705963134764,541.9133236408234,110000
14.755152,-4.6314774,13.894433,0.014714024,4.359432,0.860719,-3.7522469,1.0,0.99947834,0.8027344,0.0015507315,-20.307882,-20.327892,0.1596218,148.72295,4.4557614,2.053462e-06,0.117356084,-0.113949895,0.85657185,14.898168,-4.638939,13.916817,0.01769857,10.84543,0.98135096,-10.643175,1.0,0.9987793,0.27734375,0.007912078,-20.093288,-20.10687,-6.199374,1413.0378,5.8045864,1.5034531e-11,0.003715649127960205,560.4915771484375,115000
14.72974,-4.632186,13.896559,0.014997407,4.167227,0.8331809,-3.4720545,1.0,0.99943733,0.7998047,0.0016119595,-20.100042,-20.119936,0.2519735,248.3305,4.9719987,5.9039253e-06,0.07997062,-0.08991738,0.78525853,14.910005,-4.644223,13.932669,0.019812215,11.113272,0.9773363,-10.861404,1.0,0.9987421,0.24511719,0.008125845,-20.150894,-20.164497,-6.2344356,5891.0337,11.381992,3.4912687e-11,0.003735419273376465,579.1686794757843,120000
14.740476,-4.6301303,13.89039,0.014175082,4.305898,0.8500849,-3.66038,1.0,0.999465,0.8027344,0.0015650692,-20.1438,-20.163689,0.20217904,154.49431,4.7214756,5.4127053e-08,0.055505093,-0.13273822,0.83565056,14.89349,-4.6408625,13.922586,0.018467903,10.747191,0.97090316,-10.434483,1.0,0.99870586,0.25097656,0.008364043,-20.236996,-20.250555,-6.3657885,934.7032,6.124711,4.2630188e-12,0.0037284777641296385,597.8110721111298,125000
14.721109,-4.629755,13.889267,0.014025131,4.218326,0.8318422,-3.5089824,1.0,0.9994402,0.8017578,0.0016044085,-20.325838,-20.3458,0.094195835,378.9066,4.3880258,3.6928416e-08,0.089058205,-0.070494495,0.7538796,14.919001,-4.6481194,13.944359,0.021370715,10.884098,0.9746416,-10.608095,1.0,0.9987116,0.25,0.008215987,-20.261688,-20.275316,-6.318763,574.2181,4.2661242,6.8851186e-13,0.0037206924438476564,616.4145390987396,130000
14.742202,-4.6329393,13.898817,0.015298578,3.982899,0.8433849,-3.3591175,1.0,0.99944115,0.8046875,0.0015837264,-20.405289,-20.4253,0.066799626,299.06677,4.252195,5.619099e-06,0.082450576,-0.11230536,0.85190475,14.898413,-4.6405993,13.921799,0.018362764,11.030098,0.9766138,-10.772147,1.0,0.99875164,0.25195312,0.008141242,-20.303604,-20.317167,-6.42852,21211.877,15.8380575,1.2327332e-12,0.003729974842071533,635.0644195079803,135000
14.714374,-4.6281395,13.884419,0.013378821,4.058284,0.82995427,-3.3681908,1.0,0.99946976,0.8144531,0.0015156602,-20.405533,-20.425755,0.28042817,284.3014,5.1011415,4.1527574e-06,0.05562094,-0.091873735,0.76887727,14.885022,-4.637835,13.913506,0.017257025,10.910061,0.9715166,-10.599306,1.0,0.9987459,0.25683594,0.008214579,-20.44022,-20.454082,-6.256223,1711.5409,8.853472,2.0958435e-11,0.0037373581886291506,653.751214504242,140000
14.74408,-4.6312246,13.893673,0.014612669,4.383396,0.8504063,-3.7276683,1.0,0.9994526,0.80371094,0.001590814,-20.480705,-20.500927,0.20881069,182.6943,4.7341166,2.0626165e-09,0.112451784,-0.067037456,0.8563354,14.899371,-4.64126,13.92378,0.018627062,11.256058,0.97559035,-10.981302,1.0,0.99871826,0.24902344,0.008270894,-20.458946,-20.472822,-6.2626176,5797.323,11.084127,5.557321e-12,0.0037577330112457275,672.5398833751678,145000
14.726537,-4.6298175,13.889452,0.014049822,4.211963,0.83708453,-3.5257702,1.0,0.9994879,0.82421875,0.0014716343,-20.65498,-20.675499,0.33599812,220.92355,4.9783716,3.4125576e-09,0.08614958,-0.040429622,0.7257908,14.930039,-4.6519556,13.955867,0.022905229,11.269335,0.97417235,-10.978275,1.0,0.99873066,0.26660156,0.00816133,-20.596449,-20.610586,-6.132431,3228.999,8.975054,4.1815613e-12,0.00371536922454834,691.1167328357697,150000
14.698942,-4.6272035,13.88161,0.013004345,4.109579,0.8173319,-3.358891,1.0,0.9994974,0.82128906,0.0014484492,-20.567211,-20.587725,0.4180892,603.07837,5.6038485,2.4425788e-05,0.20504326,-0.051325954,1.0426143,14.891304,-4.6397815,13.919344,0.01803556,11.0179205,0.9719602,-10.708981,1.0,0.9987211,0.2548828,0.008432736,-20.572994,-20.586685,-6.5652018,3333.3608,8.421093,3.7139827e-12,0.003780354881286621,710.0185112953186,155000
14.714449,-4.6321955,13.896585,0.015001115,3.8946762,0.8178632,-3.1853132,1.0,0.9994793,0.8183594,0.0015064129,-20.540966,-20.561396,0.3621226,227.93164,4.9870057,8.715489e-08,0.041484654,-0.13667858,0.9894321,14.902506,-4.6410484,13.923145,0.01854237,11.186991,0.9793601,-10.956093,1.0,0.9987669,0.2861328,0.008161604,-20.520302,-20.534225,-6.27997,7065.351,17.074928,3.2145995e-13,0.003724736213684082,728.642196893692,160000
14.7022085,-4.6273584,13.882076,0.013066373,3.9401054,0.8201323,-3.2314086,1.0,0.999526,0.84277344,0.0013825021,-20.744799,-20.76545,0.38018525,181.83502,4.6817493,1.8294784e-07,0.09338812,-0.09464531,0.98450994,14.914985,-4.6455107,13.936531,0.020327175,11.067999,0.978454,-10.829529,1.0,0.99869347,0.24511719,0.008557074,-20.74805,-20.761766,-6.7177277,6383.8833,9.211929,5.8306105e-13,0.0037420970916748047,747.3526885509491,165000
14.715451,-4.6284885,13.885466,0.013518455,4.0322433,0.8299854,-3.3467035,1.0,0.9995346,0.8154297,0.0014203301,-20.758423,-20.77907,0.36470985,392.51706,5.272024,3.0682292e-09,0.08998814,-0.073367834,0.85940045,14.937101,-4.654372,13.963117,0.023871819,11.371919,0.9739852,-11.076081,1.0,0.9987631,0.2783203,0.008237224,-20.791126,-20.80528,-6.3107605,5556.6743,9.806514,4.5864363e-12,0.0037190937995910645,765.9481625556946,170000
14.6984,-4.6284275,13.8852825,0.013494069,3.924564,0.8131166,-3.1911287,1.0,0.9994602,0.8017578,0.0015151158,-20.601284,-20.62175,0.33646482,305.7541,5.244855,2.6680866e-07,0.11996493,-0.06812869,0.84786856,14.897754,-4.641612,13.924837,0.018767899,11.461693,0.9729169,-11.151276,1.0,0.99874115,0.2607422,0.008283928,-20.711044,-20.725012,-6.4234343,2811.145,7.9946194,1.4069544e-14,0.003733849668502808,784.6174149513245,175000
14.731951,-4.629294,13.887882,0.013840524,4.2021112,0.8440687,-3.5468712,1.0,0.99946594,0.81152344,0.0014960729,-20.702656,-20.723156,0.2670229,179.56537,4.6981034,3.9643996e-06,0.08789037,-0.117411144,0.98198545,14.947423,-4.6569934,13.97098,0.0249202,10.689275,0.9764429,-10.437467,1.0,0.9987316,0.24414062,0.0083556315,-20.814575,-20.828594,-6.4730687,1227.7878,6.200774,1.3607998e-12,0.003722558641433716,803.2302114963531,180000
14.739195,-4.6289973,13.886991,0.013721724,4.3566914,0.8522041,-3.712791,1.0,0.9994936,0.8183594,0.0014563326,-20.836807,-20.857538,0.37037078,236.41406,5.189439,1.0285282e-09,0.05430614,-0.07613313,0.79881525,14.904066,-4.640694,13.922084,0.018400764,11.290573,0.9819819,-11.087139,1.0,0.9988022,0.26953125,0.008095499,-20.83458,-20.848703,-6.38731,4253.1304,10.008469,5.4075223e-13,0.0037375892162323,821.9181611537933,185000
14.687421,-4.624881,13.874643,0.012075442,3.9272437,0.8127774,-3.1919756,1.0,0.99950314,0.8232422,0.0014280813,-20.92728,-20.948143,0.4147557,290.16678,5.6489134,3.3890004e-08,0.063672274,-0.055667296,0.6942749,14.924416,-4.6500006,13.950003,0.022123247,11.2554455,0.97441334,-10.967457,1.0,0.9986992,0.2421875,0.008623784,-20.786705,-20.800522,-6.654825,821.9256,5.613391,8.687692e-15,0.0037420419692993164,840.6283750534058,190000
14.699655,-4.627963,13.88389,0.013308165,3.9238148,0.8157647,-3.2009106,1.0,0.99948025,0.8232422,0.0014343051,-20.945898,-20.966894,0.5317675,892.2076,5.8796988,6.092039e-06,0.10252649,-0.08062303,0.9459818,14.955619,-4.662105,13.986315,0.026964968,11.057749,0.96930426,-10.718324,1.0,0.9987154,0.23339844,0.008879711,-21.036148,-21.04993,-6.935084,8357.554,10.665851,2.232034e-12,0.003732566690444946,859.2912137508392,195000
14.712163,-4.627715,13.883147,0.013209215,4.1682053,0.82901555,-3.4555078,1.0,0.9995136,0.8222656,0.0014799114,-21.134396,-21.155396,0.3471264,350.75076,4.9287033,3.2531762e-12,0.06756596,-0.079788946,0.79162776,14.909924,-4.6427727,13.928318,0.019232085,11.783861,0.9816054,-11.567102,1.0,0.9987507,0.24804688,0.008593792,-20.931376,-20.94509,-6.903543,2825.1042,8.183671,1.22235045e-14,0.0037361448764801027,877.9719429016113,200000
14.685016,-4.6263876,13.879164,0.012678056,3.833261,0.80585235,-3.0890431,1.0,0.99953175,0.8417969,0.001392452,-20.970295,-20.991302,0.5195255,406.19897,5.795246,6.704423e-07,0.04629979,-0.07842258,0.8542094,14.909052,-4.6433697,13.930109,0.019470822,11.692373,0.97894263,-11.446164,1.0,0.9987354,0.25097656,0.008573824,-21.01193,-21.025824,-6.800382,827.408,5.3768406,9.17618e-13,0.016990149831771852,962.9226949214935,205000
14.690805,-4.628863,13.886589,0.013668075,3.8828123,0.8042164,-3.122622,1.0,0.9995165,0.8515625,0.0013558927,-21.18945,-21.210598,0.4470697,179.40482,5.020189,1.4687757e-07,0.049589954,-0.1646089,0.9632527,14.93356,-4.6503754,13.951126,0.022273216,11.78799,0.9824347,-11.580931,1.0,0.9987993,0.25683594,0.008422461,-21.073704,-21.087698,-6.7563877,6749.6216,8.795448,6.476628e-12,0.003712033128738403,981.4828677177429,210000
14.682125,-4.6267624,13.880286,0.012827759,4.075445,0.8018386,-3.26785,1.0,0.99953365,0.828125,0.001372938,-21.092983,-21.114107,0.5156361,1678.6433,6.7373238,1.5060788e-08,0.087958276,-0.066118985,0.73911124,14.940028,-4.6547527,13.964257,0.024023881,11.680603,0.97577095,-11.3975935,1.0,0.9987459,0.25195312,0.008834062,-21.191383,-21.20526,-6.997708,1907.45,5.189169,6.118728e-14,0.0037267536640167237,1000.116641998291,215000
14.676132,-4.6257763,13.877331,0.01243364,3.8982577,0.79880154,-3.113935,1.0,0.9995136,0.8466797,0.0013569703,-21.104584,-21.125637,0.43484104,695.74475,5.623679,4.778072e-08,0.17581677,-0.10394859,0.88354003,14.921521,-4.6462445,13.938734,0.020620832,11.44639,0.98278755,-11.249371,1.0,0.9987526,0.24707031,0.008471621,-21.108463,-21.12251,-6.738411,742.4056,4.170658,1.0963529e-12,0.003722386312484741,1018.7285776138306,220000
14.700276,-4.628976,13.886929,0.013713339,4.082485,0.81334746,-3.3204799,1.0,0.9995041,0.83691406,0.0014105912,-21.140333,-21.161503,0.51443386,729.167,6.2236114,1.4445869e-06,0.08043791,-0.10900889,0.96851635,14.8973055,-4.6406617,13.921986,0.018387686,11.509048,0.9753199,-11.225005,1.0,0.9987612,0.2607422,0.008460523,-21.200481,-21.214785,-6.568262,5410.9863,13.011083,2.017823e-14,0.0037104950428009033,1037.2810566425323,225000
14.712914,-4.6303816,13.891144,0.014275551,4.147223,0.8217707,-3.4080672,1.0,0.99948215,0.82128906,0.0014786399,-21.186136,-21.207237,0.4001369,197.15758,5.425863,2.4309035e-09,0.18812504,-0.12283892,1.0728383,14.917365,-4.6470995,13.941298,0.02096265,11.203158,0.9760672,-10.935036,1.0,0.9987221,0.24609375,0.008807028,-21.345531,-21.359587,-6.96639,993.36273,5.266091,9.9583644e-14,0.003718987989425659,1055.8760035037994,230000
14.6708975,-4.6248274,13.874481,0.012053768,3.9195457,0.796416,-3.1215897,1.0,0.99951744,0.85253906,0.0013686614,-21.274765,-21.295994,0.4431797,809.7213,5.524981,1.6836385e-09,0.036682338,-0.075498104,0.8607189,14.941891,-4.654908,13.9647255,0.024086326,11.473585,0.9771654,-11.211592,1.0,0.99870014,0.25878906,0.008797842,-21.206066,-21.219954,-6.999616,628.51373,4.7450414,2.8171241e-12,0.0037065053939819336,1074.4085359573364,235000
14.684984,-4.625839,13.877519,0.012458785,4.089506,0.80746573,-3.302137,1.0,0.9995117,0.8222656,0.0013052882,-21.26357,-21.284906,0.563931,409.50922,5.6737413,1.3802268e-05,0.09424391,-0.11927957,0.9290285,14.923463,-4.6491094,13.947329,0.02176688,11.969536,0.9761341,-11.683873,1.0,0.9986954,0.23925781,0.008781879,-21.10157,-21.115473,-6.8773565,15834.852,15.473494,3.3482253e-13,0.003718141984939575,1092.9992501735687,240000
14.683467,-4.629772,13.889317,0.014031856,3.7944765,0.79415,-3.0133843,1.0,0.9995041,0.83203125,0.001420007,-21.130238,-21.151402,0.5207285,236.6579,6.1091604,1.6443636e-06,0.11651642,-0.08569725,0.99162143,14.972848,-4.6664796,13.999439,0.028714795,11.408453,0.9734088,-11.105089,1.0,0.99877167,0.25683594,0.008529337,-21.175533,-21.189692,-6.692724,10740.423,17.252743,3.563659e-12,0.0037183601379394532,1111.591055393219,245000
14.704201,-4.6250763,13.875229,0.012153446,4.0257215,0.82897156,-3.3372095,1.0,0.9995184,0.8457031,0.0013309346,-21.2252,-21.24644,0.5043475,352.79147,5.0965466,3.7471753e-05,0.071914256,-0.04721161,0.7159194,14.933474,-4.6521263,13.956379,0.022973418,11.680971,0.9770949,-11.413418,1.0,0.9987745,0.24707031,0.008354589,-21.281187,-21.295538,-6.5989866,1330.3423,5.1587005,1.6786016e-12,0.0037064269065856933,1130.1231937408447,250000
14.70706,-4.624471,13.873413,0.011911391,3.8702793,0.8336464,-3.2264452,1.0,0.9994898,0.8457031,0.0013827367,-21.399681,-21.421005,0.4144348,133.74475,4.928563,1.2334148e-07,0.10394069,-0.0457274,0.81135404,14.914365,-4.64657,13.939711,0.02075103,11.402405,0.9746541,-11.113401,1.0,0.9987526,0.23828125,0.008667519,-21.27283,-21.28679,-6.990303,854.9071,4.696478,1.7518867e-12,0.003727634382247925,1148.7613687515259,255000
14.675154,-4.627923,13.883768,0.013291982,3.725752,0.79138607,-2.9485092,1.0,0.9995041,0.8310547,0.0013596554,-21.369991,-21.391386,0.5155563,206.15327,5.2867737,1.6956004e-06,0.09389311,-0.08809151,0.8551125,14.891101,-4.6378145,13.9134445,0.0172489,11.853624,0.9776566,-11.588776,1.0,0.9987478,0.26464844,0.008615166,-21.388895,-21.403114,-6.840842,8611.6,15.157793,2.0260666e-12,0.0037022765159606934,1167.2727541923523,260000
14.67517,-4.6255774,13.876734,0.012353996,4.0128884,0.7984366,-3.204038,1.0,0.9995413,0.8564453,0.0012958876,-21.438166,-21.459703,0.59474885,180.77,5.148247,1.4064845e-07,0.06287482,-0.08540266,0.85232884,14.961238,-4.661003,13.983008,0.026524097,11.845802,0.9782293,-11.587912,1.0,0.9987278,0.24707031,0.008666257,-21.40054,-21.414759,-6.8539057,6498.003,9.168761,1.561884e-14,0.003632366418838501,1185.4345889091492,265000
14.687944,-4.628604,13.885813,0.013564663,3.8416834,0.8021318,-3.0815372,1.0,0.99952316,0.83691406,0.0013507409,-21.411613,-21.433064,0.53567094,585.371,6.010666,1.8237314e-09,0.062194847,-0.1482693,1.018718,14.927099,-4.6492815,13.9478445,0.021835532,11.988066,0.97925425,-11.739365,1.0,0.99875546,0.2861328,0.008280449,-21.39002,-21.40479,-6.280695,5922.071,10.085399,4.1128784e-12,0.00363953595161438,1203.6322729587555,270000
14.665691,-4.6275964,13.882789,0.01316148,3.8366022,0.78290296,-3.0036879,1.0,0.9995241,0.8359375,0.0013631082,-21.269878,-21.29127,0.6131118,138.31378,5.6631055,2.8974614e-06,0.15180355,-0.07351796,1.1601522,14.897889,-4.640048,13.920145,0.018142268,11.675125,0.9777443,-11.415288,1.0,0.99872684,0.2548828,0.0088438075,-21.424686,-21.438692,-7.0982504,8433.785,11.115372,1.4378607e-13,0.0036349297523498537,1221.8069260120392,275000
14.684073,-4.6255846,13.876753,0.012356703,3.8253202,0.8073205,-3.0882602,1.0,0.99952507,0.8652344,0.0013483912,-21.39943,-21.420889,0.5536248,198.25179,5.673785,3.4184716e-06,0.08852955,-0.07524213,0.8045809,14.933344,-4.6508064,13.952418,0.022445405,11.789725,0.9809257,-11.564845,1.0,0.99876404,0.23925781,0.008779358,-21.41356,-21.42758,-7.0731716,694.1866,4.909092,5.338786e-13,0.003638999319076538,1240.0019252300262,280000
14.670095,-4.6277456,13.883238,0.013221315,3.9120955,0.7868581,-3.0782647,1.0,0.99955463,0.8564453,0.0012622417,-21.52695,-21.54867,0.6932184,286.9006,6.3117065,2.6556895e-06,0.10391432,-0.051122732,0.93582714,14.929376,-4.6506066,13.95182,0.022365652,12.019699,0.97755563,-11.749926,1.0,0.99875355,0.2939453,0.008382494,-21.560648,-21.575367,-6.5053334,5588.6675,8.906765,9.213922e-13,0.0036398120403289794,1258.2009885311127,285000
14.654638,-4.6253276,13.875983,0.012253995,3.8596368,0.77865535,-3.0053275,1.0,0.99957085,0.85839844,0.0013139141,-21.38745,-21.408972,0.63230896,150.76003,5.6853886,1.1959783e-06,0.13396795,-0.11691391,0.9558739,14.954887,-4.6593966,13.978189,0.025881559,11.588599,0.9766976,-11.318558,1.0,0.99875736,0.26464844,0.008465758,-21.432322,-21.446827,-6.593022,12421.974,13.294168,1.3747877e-13,0.003633661937713623,1276.3693034648895,290000
14.65832,-4.6245484,13.873644,0.011942266,3.7840495,0.78467643,-2.9692552,1.0,0.9995527,0.84375,0.0012558675,-21.537048,-21.55867,0.5829606,260.86325,5.5552034,3.281731e-05,0.11255176,-0.04049856,0.7698746,14.913242,-4.6449914,13.934974,0.020119432,11.58271,0.97826904,-11.331007,1.0,0.9987383,0.24707031,0.008967787,-21.482265,-21.496233,-7.193777,2714.54,7.3393197,1.7906492e-12,0.0036403642654418947,1294.5711297988892,295000
14.688328,-4.626382,13.879147,0.012675822,3.860398,0.8091815,-3.1237638,1.0,0.9995556,0.8613281,0.0012114902,-21.594189,-21.615934,0.65246236,139.33553,5.541711,6.0914783e-05,0.13431561,-0.0775826,0.86758745,14.946992,-4.656701,13.970104,0.024803488,11.489964,0.97688794,-11.224407,1.0,0.998806,0.2861328,0.008182549,-21.601336,-21.61616,-6.436088,11387.059,13.533672,1.0244717e-12,0.0036301921844482422,1312.7220950126648,300000
14.67069,-4.6253004,13.8759,0.012243082,3.817511,0.7947894,-3.0341182,1.0,0.9995098,0.82910156,0.0013483443,-21.604942,-21.626575,0.52554315,273.2572,5.381381,1.5845965e-06,0.09538809,-0.049232185,0.7991289,14.942407,-4.653447,13.960341,0.023501854,12.034163,0.9820649,-11.818331,1.0,0.9987154,0.24414062,0.009010428,-21.64421,-21.658247,-7.2848644,2262.5483,6.1985636,2.6943822e-15,0.017237950038909912,1398.9118490219116,305000
14.646062,-4.625596,13.876788,0.01236136,3.711679,0.76927406,-2.855299,1.0,0.9995289,0.83496094,0.0013349841,-21.581327,-21.603014,0.604471,230.6051,5.5960174,1.11070085e-05,0.1011651,-0.059975144,0.865656,14.934382,-4.652254,13.956762,0.023024684,11.90352,0.97762054,-11.637126,1.0,0.9987936,0.26171875,0.008567318,-21.559135,-21.57343,-6.9374046,2343.6787,7.1845493,5.3537607e-15,0.003633844518661499,1417.0810747146606,310000
14.667532,-4.624911,13.874732,0.012087269,3.6544847,0.7927998,-2.8972754,1.0,0.9995508,0.8652344,0.0012553787,-21.532448,-21.554022,0.53729385,832.553,5.4586616,4.904822e-07,0.088476434,-0.07328583,0.877107,14.942483,-4.655161,13.965482,0.024187183,11.64128,0.97700125,-11.373546,1.0,0.99876404,0.26464844,0.008600116,-21.611908,-21.626331,-6.857768,2168.17,6.7499275,4.8870105e-14,0.0036291354179382325,1435.226755142212,315000
14.676891,-4.624275,13.872826,0.011833028,3.8976662,0.804066,-3.1339817,1.0,0.9995222,0.8544922,0.0012408552,-21.520008,-21.541668,0.6392182,260.7359,5.454863,8.232845e-07,0.114574745,-0.11184921,0.9307731,14.968077,-4.6612096,13.983628,0.026606768,12.226717,0.9844488,-12.036577,1.0,0.9987526,0.265625,0.008704523,-21.677994,-21.692312,-7.0300646,87452.74,48.3227,1.3538538e-12,0.0036382514476776123,1453.418015241623,320000
14.652383,-4.624358,13.8730755,0.011866328,3.639591,0.7793077,-2.8363621,1.0,0.9995861,0.875,0.0012285159,-21.574322,-21.596098,0.70173925,384.1828,5.967695,7.8543636e-08,0.067119524,-0.088623285,0.7407538,14.912412,-4.643811,13.931435,0.01964744,12.045536,0.9809773,-11.816399,1.0,0.9987936,0.26464844,0.00876364,-21.59526,-21.609463,-7.0676847,1789.9058,6.604162,4.5286423e-14,0.0036373372554779054,1471.6047070026398,325000
14.655652,-4.6262126,13.878637,0.012607927,3.8356512,0.77701455,-2.9803576,1.0,0.9995699,0.8515625,0.0012396028,-21.51373,-21.535385,0.64205265,205.39735,5.8221264,1.1979582e-05,0.12922627,-0.048611,0.91792077,14.936755,-4.651701,13.955102,0.022803256,12.361972,0.9816529,-12.135167,1.0,0.998765,0.24414062,0.008829726,-21.472538,-21.486567,-7.1210823,2907.5461,6.9703517,3.1313246e-16,0.0036299065589904785,1489.7542436122894,330000
14.646454,-4.624497,13.873489,0.011921703,3.746904,0.77296424,-2.8962235,1.0,0.9995308,0.8417969,0.0012741935,-21.7688,-21.790823,0.75894964,527.0904,6.960005,1.0405803e-06,0.08080758,-0.10999268,0.8409874,14.938622,-4.6549535,13.964861,0.024104385,11.68459,0.9737618,-11.378008,1.0,0.99872017,0.25585938,0.008795268,-21.707357,-21.721907,-6.824621,1714.735,9.994296,4.494515e-14,0.0036394235134124754,1507.9513659477234,335000
14.653928,-4.6242666,13.872799,0.011829545,3.634286,0.7811288,-2.8388462,1.0,0.99953556,0.8408203,0.0013201233,-21.659836,-21.681484,0.48647127,428.85284,5.5589466,7.3606825e-06,0.07375485,-0.059854195,0.86893547,14.90515,-4.641614,13.924841,0.018768523,11.908008,0.9803098,-11.673537,1.0,0.9987879,0.26757812,0.008782388,-21.725098,-21.739386,-7.1104226,5509.28,9.673607,1.1605399e-12,0.003633792018890381,1526.1203303337097,340000
14.658403,-4.6276865,13.883059,0.013197458,3.682093,0.7753448,-2.8548923,1.0,0.9996004,0.87890625,0.0011427759,-21.670513,-21.692406,0.72469544,432.07788,5.819565,1.8314047e-06,0.07563157,-0.11501221,0.88898844,14.924321,-4.6476116,13.942837,0.021167813,12.026861,0.9814844,-11.804178,1.0,0.9987612,0.25195312,0.008869084,-21.854416,-21.868847,-7.0927353,2981.4556,6.5751495,1.98573e-13,0.003637257671356201,1544.3066222667694,345000
14.683788,-4.6250587,13.875176,0.012146469,3.9430366,0.8086121,-3.1883879,1.0,0.9995508,0.86328125,0.0012556433,-21.697878,-21.719658,0.5833163,647.1972,6.1753297,5.249925e-07,0.07591523,-0.117999256,0.8740282,14.935405,-4.6521444,13.956432,0.02298071,12.169734,0.9789722,-11.913832,1.0,0.99868965,0.24804688,0.008906505,-21.629677,-21.64404,-6.9365826,2461.3237,8.6223345,1.1898166e-12,0.003640897274017334,1562.5111155509949,350000
14.674248,-4.625706,13.877119,0.012405477,3.909228,0.7971289,-3.1161594,1.0,0.9995308,0.8408203,0.0013454312,-21.716412,-21.738205,0.5760917,361.55157,5.9691467,4.389192e-11,0.07939352,-0.06677046,0.8295927,14.957423,-4.658306,13.974918,0.025445476,11.953601,0.9825048,-11.744471,1.0,0.998744,0.26464844,0.008878313,-21.62376,-21.637934,-7.1246605,16865.744,15.413876,1.0555918e-12,0.003632344675064087,1580.672843694687,355000
14.678432,-4.626495,13.879485,0.012720987,3.7531676,0.79894716,-2.9985836,1.0,0.9995012,0.8154297,0.0013339932,-21.630043,-21.651741,0.56662273,227.0927,4.948554,2.8241553e-05,0.18320099,-0.10305542,1.1695591,14.936973,-4.651867,13.9556,0.022869656,12.045889,0.98137325,-11.821514,1.0,0.99877167,0.25976562,0.008869292,-21.79728,-21.81154,-7.208684,23957.89,18.50641,4.8308495e-14,0.0036420050621032716,1598.8828735351562,360000
14.689052,-4.625841,13.8775215,0.012459229,3.882818,0.8115297,-3.151023,1.0,0.99953175,0.8388672,0.0013189288,-21.706772,-21.728504,0.5223608,112.38902,5.530547,2.2612976e-06,0.07553251,-0.07822412,0.9112899,14.917643,-4.6466875,13.940063,0.02079805,12.105811,0.9775796,-11.834394,1.0,0.9987612,0.24414062,0.009124488,-21.748959,-21.762953,-7.4330053,78539.02,68.27737,9.580482e-14,0.003638833999633789,1617.0770483016968,365000
14.693167,-4.6260605,13.878181,0.012547115,4.0855246,0.81498575,-3.3296452,1.0,0.9995661,0.8574219,0.0012543921,-21.885277,-21.907286,0.6312567,817.16425,5.906724,1.4730247e-05,0.09211393,-0.12139897,0.8007013,14.973439,-4.663961,13.991882,0.027707357,11.911171,0.9815571,-11.691495,1.0,0.9987831,0.27148438,0.008734082,-21.781235,-21.795519,-7.167692,5305.382,7.982975,5.2435725e-12,0.0036307785034179686,1635.2309458255768,370000
14.65339,-4.6245713,13.873714,0.0119515015,3.6576204,0.7796759,-2.8517592,1.0,0.9995642,0.8457031,0.0012609116,-21.816196,-21.838182,0.6747548,272.92996,5.839713,2.687372e-07,0.20751294,-0.123714924,1.1750243,14.945111,-4.655348,13.966043,0.024261964,11.996508,0.979068,-11.745398,1.0,0.998786,0.27148438,0.008740697,-21.90372,-21.918335,-6.950742,1547.16,7.6244035,5.3997683e-14,0.0036385010719299318,1653.4234545230865,375000
14.637446,-4.6238747,13.871624,0.011672816,3.7689934,0.7658223,-2.8863797,1.0,0.9995537,0.85839844,0.001205059,-21.71182,-21.733782,0.75282675,160.01854,5.7463846,4.5466154e-06,0.07148738,-0.09311835,0.8917571,14.928194,-4.6483326,13.944997,0.021455929,12.407385,0.983197,-12.198904,1.0,0.9988041,0.24121094,0.009114776,-21.924946,-21.938896,-7.653426,3145.0142,6.905184,8.364809e-14,0.0036289506912231444,1671.5682117938995,380000
14.664457,-4.6267295,13.880189,0.0128148785,3.7493725,0.7842688,-2.9405165,1.0,0.9995384,0.8515625,0.0012543661,-21.902206,-21.924326,0.72638863,154.55135,5.837611,4.8178692e-05,0.052215055,-0.068388656,0.7761289,14.955777,-4.657915,13.973745,0.025288949,12.259468,0.9820321,-12.039192,1.0,0.998786,0.26953125,0.008688177,-21.795223,-21.809618,-7.0712194,11117.499,16.762953,1.2032771e-12,0.0036401605606079103,1689.7690198421478,385000
14.663195,-4.6270213,13.881063,0.012931392,3.7279456,0.7821312,-2.9157434,1.0,0.9995823,0.8652344,0.0011943311,-21.848417,-21.87044,0.6771453,314.47726,6.429491,8.664492e-07,0.08830735,-0.17095207,1.0027502,14.946125,-4.6561146,13.968344,0.02456874,11.877201,0.9777815,-11.613308,1.0,0.998785,0.25585938,0.008600122,-21.844864,-21.859451,-6.921943,3495.2349,5.9860435,9.54869e-13,0.003639559316635132,1707.9668209552765,390000
14.634634,-4.624576,13.873728,0.011953421,3.655161,0.76090646,-2.7812362,1.0,0.9995384,0.85546875,0.0012331889,-21.820026,-21.842123,0.78674537,307.83405,6.278862,5.57347e-05,0.09575161,-0.079403944,0.8729147,14.930826,-4.6484194,13.945259,0.021490801,12.316619,0.9855672,-12.138857,1.0,0.9987688,0.25878906,0.00874113,-21.953176,-21.967665,-7.131243,16289.167,14.644409,5.2868906e-14,0.003627389717102051,1726.1037793159485,395000
14.672512,-4.6265335,13.8796,0.012736221,3.6433258,0.792912,-2.8888376,1.0,0.9995413,0.84375,0.0013038386,-21.907484,-21.92945,0.5611191,300.26147,5.8666315,5.162545e-08,0.09060246,-0.13026518,0.8425566,14.925762,-4.6487193,13.946157,0.021610737,12.258064,0.97960514,-12.008064,1.0,0.99878407,0.25878906,0.009026614,-21.934486,-21.948664,-7.4304256,1121.3401,5.334934,4.722862e-13,0.0036377685546875,1744.2926275730133,400000
14.668435,-4.6247587,13.874276,0.012026504,4.035489,0.79415864,-3.2048192,1.0,0.99952984,0.8544922,0.0013009155,-21.941692,-21.96377,0.6425599,654.34576,6.525797,2.748036e-07,0.055879205,-0.085780144,0.78460175,14.9402275,-4.6534796,13.960439,0.023514792,12.123879,0.9797889,-11.878843,1.0,0.9987688,0.2685547,0.0088356305,-22.001137,-22.015759,-7.0437813,5147.4414,7.3745995,4.718891e-13,0.017527067375183107,1831.9279685020447,405000
14.6421995,-4.624771,13.874312,0.012031241,3.6123734,0.76788706,-2.7738955,1.0,0.99955654,0.85253906,0.0012136397,-21.951674,-21.973803,0.6850841,2365.4475,7.040203,3.1436545e-07,0.100750774,-0.0592079,0.9007064,14.945322,-4.6541185,13.962356,0.02377032,12.467618,0.98296624,-12.255248,1.0,0.9987068,0.2529297,0.009393191,-21.960718,-21.974821,-7.5343943,1538.0023,7.9653945,4.0467572e-13,0.003623030471801758,1850.0431246757507,410000
14.671248,-4.623727,13.87118,0.011613594,3.8910522,0.80006903,-3.1131113,1.0,0.99956226,0.86816406,0.0011838968,-21.964085,-21.986269,0.73189306,208.77042,5.692902,5.4158195e-06,0.09942393,-0.077026874,0.87248343,14.928087,-4.648446,13.945337,0.021501308,12.345745,0.9827497,-12.132778,1.0,0.99875736,0.23535156,0.009104308,-22.046423,-22.060661,-7.480912,1700.0999,7.6615953,4.589797e-12,0.0036419758319854736,1868.2530069351196,415000
14.663024,-4.624965,13.874895,0.012108929,3.7268724,0.7881292,-2.9372578,1.0,0.9995785,0.85253906,0.0011686466,-21.941574,-21.963774,0.7694226,598.26874,6.2685785,6.1761506e-07,0.07401781,-0.09611492,0.8965565,14.950561,-4.656886,13.970657,0.024877306,12.149595,0.97990334,-11.90543,1.0,0.9987259,0.24707031,0.009010261,-21.973993,-21.988462,-7.1735563,1170.4176,5.481984,1.1664162e-12,0.0036386661529541017,1886.4463431835175,420000
14.645596,-4.6244726,13.873418,0.011911984,3.7173486,0.7721777,-2.8704543,1.0,0.9995432,0.8457031,0.00127132,-21.917393,-21.939405,0.600727,225.92027,5.7673955,7.0312462e-06,0.057884138,-0.19171542,1.0071503,14.932304,-4.650647,13.951941,0.022381742,12.4216,0.98036397,-12.1776905,1.0,0.99876213,0.24511719,0.00883314,-21.988089,-22.002705,-7.0333214,1026.4321,7.274682,1.2561886e-12,0.0036383363723754883,1904.6380319595337,425000
14.664541,-4.623985,13.871953,0.011716716,3.769671,0.7925881,-2.9877973,1.0,0.99955463,0.87109375,0.0011941507,-21.988518,-22.010708,0.71435297,155.2375,5.6060376,1.2313663e-07,0.07895926,-0.09753875,0.88863283,14.943441,-4.6527267,13.958179,0.02321351,12.2223425,0.9852618,-12.042208,1.0,0.9987421,0.23828125,0.009140618,-22.095547,-22.10972,-7.5929995,831.1389,4.3184834,1.5539666e-12,0.003642631959915161,1922.8511943817139,430000
14.626319,-4.625307,13.875921,0.012245815,3.5648727,0.7503979,-2.6750736,1.0,0.99954987,0.8623047,0.0011851824,-21.935875,-21.958008,0.70422876,229.65042,5.614318,0.00047951748,0.108180046,-0.12013773,0.96302974,14.921955,-4.6466475,13.939942,0.02078187,11.982771,0.9820129,-11.767237,1.0,0.99871635,0.25585938,0.008864734,-21.957727,-21.972328,-7.0225744,992.99286,6.28973,4.742224e-13,0.0036364901065826416,1941.0336475372314,435000
14.642825,-4.6248407,13.874523,0.012059346,3.5845804,0.7683019,-2.7540407,1.0,0.9995651,0.87402344,0.0012263017,-21.913254,-21.935387,0.72864544,663.16675,6.444614,7.285676e-06,0.16340747,-0.16349097,1.259759,14.927232,-4.649734,13.949202,0.022016503,11.985331,0.97802985,-11.722012,1.0,0.99883366,0.265625,0.008824872,-22.049198,-22.063662,-7.2549047,31388.67,45.230934,3.2748663e-12,0.0036467529773712157,1959.2674148082733,440000
14.637245,-4.626135,13.878406,0.012577032,3.7265291,0.7588394,-2.827838,1.0,0.9995508,0.85839844,0.001201953,-21.832235,-21.854362,0.80442214,329.60452,6.6471605,8.183366e-05,0.082432926,-0.110298246,0.88129115,14.946383,-4.656092,13.968276,0.024559775,12.045399,0.97810733,-11.781694,1.0,0.9987259,0.23925781,0.009058593,-21.941883,-21.956264,-7.227973,1606.2745,8.256763,7.299344e-13,0.003645035123825073,1977.4925932884216,445000
14.604429,-4.625155,13.875465,0.012184914,3.426908,0.7289641,-2.4980936,1.0,0.99956894,0.8515625,0.0012300734,-21.881239,-21.903263,0.6503278,1221.069,6.255867,5.0519824e-09,0.15344505,-0.11840211,1.0408484,14.941062,-4.653442,13.960327,0.023499897,12.12981,0.9807352,-11.896132,1.0,0.99877167,0.23535156,0.009208221,-21.971277,-21.985256,-7.6704164,1275.3917,4.9716167,2.5579305e-13,0.0036363532066345213,1995.6743614673615,450000
14.605855,-4.6237335,13.871201,0.011616374,3.621708,0.734654,-2.6607027,1.0,0.9995794,0.8564453,0.0012256721,-22.096262,-22.118612,0.76737714,245.67435,6.3194036,5.4862116e-06,0.060966827,-0.11562598,0.7873698,14.920835,-4.64794,13.943821,0.021298993,12.430422,0.97701377,-12.144694,1.0,0.9988251,0.28125,0.008711414,-22.003448,-22.018137,-6.976858,54773.047,56.052105,1.5115325e-15,0.003644957971572876,2013.8991537094116,455000
14.678742,-4.6239004,13.871701,0.011683091,3.9294436,0.80704075,-3.171222,1.0,0.9995413,0.84765625,0.0012648704,-22.136608,-22.158926,0.69811165,126.38654,5.6695213,3.5373014e-05,0.10161162,-0.07200647,0.85133123,14.931298,-4.6500745,13.950223,0.02215275,12.321853,0.9810752,-12.088666,1.0,0.9987917,0.25585938,0.008984892,-22.197954,-22.21247,-7.349119,13960.074,15.665874,4.3486765e-15,0.003636781072616577,2032.083062171936,460000
14.663256,-4.6247187,13.874157,0.012010438,3.6319418,0.78909874,-2.8659613,1.0,0.9995699,0.8691406,0.0011545199,-22.126291,-22.14864,0.73627055,478.11774,6.098531,6.0071816e-05,0.10194854,-0.08213114,0.9085585,14.983931,-4.666339,13.999016,0.02865848,12.517381,0.98491466,-12.328553,1.0,0.9987707,0.25976562,0.00877494,-22.176956,-22.191664,-7.1304483,1534.4795,6.4485545,1.5081654e-12,0.0036436121940612793,2050.3011252880096,465000
14.618877,-4.6231594,13.869478,0.01138672,3.5564935,0.7493995,-2.665235,1.0,0.99953365,0.83984375,0.0012782034,-21.863346,-21.885376,0.67336917,153.9014,5.418318,1.5956074e-06,0.106207654,-0.08564656,0.96517205,14.950237,-4.65683,13.970489,0.024854725,12.265255,0.979749,-12.016872,1.0,0.99878025,0.25195312,0.009089753,-22.10581,-22.120111,-7.4729958,9432.194,13.656523,1.08688097e-13,0.003645046329498291,2068.5263595581055,470000
14.646389,-4.6229463,13.868839,0.011301443,3.5452454,0.77754956,-2.756605,1.0,0.9995508,0.84765625,0.0012168454,-22.112236,-22.13443,0.5921153,160.35892,5.3669634,2.688545e-06,0.096047655,-0.09438149,1.0345905,14.942772,-4.6527486,13.958246,0.023222405,12.461002,0.98452616,-12.268184,1.0,0.998806,0.234375,0.009088099,-22.109997,-22.124126,-7.6576405,9712.968,9.967195,4.461474e-12,0.0036369064331054687,2086.7108941078186,475000
14.663582,-4.6268516,13.880554,0.012863584,3.9649298,0.7830277,-3.1046507,1.0,0.99958706,0.8642578,0.0011826943,-22.032682,-22.054947,0.744934,223.87473,5.9440546,2.0910144e-05,0.099130765,-0.1100466,0.92280287,14.947151,-4.654811,13.964434,0.024047418,12.435436,0.98271704,-12.220516,1.0,0.9987583,0.23144531,0.009067347,-22.192364,-22.206802,-7.4229574,6895.0576,10.233839,1.7745603e-12,0.0036431369781494143,2104.9265818595886,480000
14.659896,-4.6235175,13.870552,0.011529907,3.4622135,0.78934413,-2.7328787,1.0,0.99954224,0.8417969,0.0012626379,-22.25864,-22.280918,0.5318559,233.94092,4.952653,2.6522778e-06,0.1740394,-0.08673917,0.9891148,14.957202,-4.6570883,13.971266,0.024958441,12.325429,0.9859366,-12.152092,1.0,0.99881744,0.25390625,0.008922331,-22.088459,-22.10272,-7.50054,13417.683,14.650972,3.2292853e-14,0.003635646152496338,2123.104816675186,485000
14.614577,-4.6235194,13.870558,0.0115306815,3.572341,0.74401975,-2.657893,1.0,0.9995241,0.8408203,0.0013111564,-22.092361,-22.11462,0.6792151,853.1324,6.1845207,4.720814e-07,0.10594416,-0.09071328,1.0563506,14.95388,-4.6568995,13.970698,0.024882702,12.241834,0.983182,-12.035951,1.0,0.99878216,0.27246094,0.008289389,-21.90715,-21.922138,-6.5746403,12058.44,16.321266,6.395705e-12,0.003646704387664795,2141.3383450508118,490000
14.6311245,-4.6228065,13.86842,0.011245566,3.6313772,0.7627048,-2.7696695,1.0,0.9995613,0.859375,0.0012245604,-22.23769,-22.26011,0.6971051,244.60701,6.0693245,2.6043015e-08,0.07248484,-0.08842864,0.9732471,14.935459,-4.6513987,13.954197,0.022682507,12.437696,0.98126197,-12.204639,1.0,0.9988117,0.2421875,0.009187754,-22.222065,-22.236408,-7.5505347,36561.605,49.04187,1.6098125e-12,0.0036457096099853517,2159.566896677017,495000
14.648235,-4.621871,13.865614,0.010871477,3.5801234,0.7826212,-2.801881,1.0,0.99954796,0.85546875,0.001195532,-22.073536,-22.095758,0.66071683,138.67892,5.068525,3.9617877e-08,0.13314185,-0.11852085,1.064188,14.943807,-4.6542034,13.96261,0.023804352,12.122772,0.9811967,-11.894825,1.0,0.9988003,0.2626953,0.008907439,-22.131,-22.145447,-7.3537073,641.8013,4.8024864,3.8878664e-15,0.0036368257999420165,2177.751030445099,500000
14.583299,-4.6252728,13.875818,0.012232012,3.5331328,0.70748067,-2.4996238,1.0,0.9995918,0.8623047,0.0012004977,-22.147608,-22.169996,0.75583565,187.75482,5.982887,1.679545e-10,0.15243551,-0.09213833,1.1173638,14.960773,-4.660571,13.981712,0.026351308,11.9282,0.9790609,-11.678435,1.0,0.9987545,0.24023438,0.009163018,-22.179426,-22.193844,-7.430169,2629.5398,12.12423,7.3219745e-13,0.017673283863067626,2266.117454767227,505000
14.603384,-4.6234765,13.87043,0.011513578,3.6158478,0.73295367,-2.6502495,1.0,0.9995651,0.8671875,0.0011889697,-22.0229,-22.04521,0.8006928,284.21356,6.572362,8.404628e-07,0.1277303,-0.04601013,1.038987,14.929425,-4.6491766,13.947529,0.02179352,12.326516,0.9818961,-12.103359,1.0,0.9987364,0.2529297,0.008943498,-22.1475,-22.162203,-7.1085634,2051.0972,8.829545,7.3703993e-13,0.0036418126106262205,2284.3265244960785,510000
14.649369,-4.6240606,13.872183,0.011747344,3.6148887,0.7771863,-2.8094425,1.0,0.9995556,0.84277344,0.001221741,-22.19775,-22.220064,0.629017,227.68787,5.1484585,2.1830643e-07,0.09488863,-0.082119405,1.0619897,14.916313,-4.6467543,13.940262,0.02082461,12.4709,0.9760517,-12.172243,1.0,0.9987602,0.2578125,0.009153444,-22.242485,-22.256971,-7.424576,30717.924,47.929996,4.1494136e-13,0.00363684983253479,2302.5107810497284,515000
14.615686,-4.6233616,13.870085,0.011467612,3.3934557,0.7456018,-2.5301673,1.0,0.99956226,0.8515625,0.0011764321,-22.211708,-22.234245,0.8439725,561.10596,6.4656096,1.4694805e-05,0.1292249,-0.099569276,1.0224643,14.927429,-4.649059,13.947177,0.02174661,12.241178,0.98025227,-11.999443,1.0,0.9987602,0.25585938,0.009250824,-22.150894,-22.165316,-7.3988795,1565.0616,7.6997695,1.0187013e-14,0.0036467806339263915,2320.7446913719177,520000
14.668296,-4.6245937,13.873781,0.011960464,3.6575599,0.7945146,-2.9059854,1.0,0.99959755,0.8642578,0.0011311714,-22.227232,-22.249619,0.67501783,101.193924,5.3099885,3.9962643e-07,0.12958698,-0.07306553,0.8864931,14.92747,-4.6489697,13.946909,0.021710876,12.281632,0.980561,-12.042891,1.0,0.9987612,0.24511719,0.008926794,-22.344284,-22.358967,-7.323991,2496.1504,5.89268,1.0790735e-12,0.003645351457595825,2338.9714522361755,525000
14.617408,-4.624036,13.872107,0.011737236,3.5589976,0.7453008,-2.6525245,1.0,0.99956226,0.859375,0.0011484344,-22.362381,-22.385023,0.8020361,262.69995,6.166388,2.2354634e-05,0.05079127,-0.09278906,0.8573304,14.974052,-4.6639776,13.991932,0.027713833,12.355919,0.9821204,-12.135001,1.0,0.9987402,0.23242188,0.009297088,-22.337214,-22.351547,-7.6753335,1821.0278,5.324183,2.986031e-14,0.003636647081375122,2357.1546919345856,530000
14.646382,-4.6250477,13.875143,0.012142004,3.7601123,0.77123916,-2.8999467,1.0,0.9995413,0.85058594,0.0012306834,-22.259254,-22.28162,0.6210053,208.89279,5.270508,2.1079934e-05,0.15494213,-0.14618996,1.1914483,14.930725,-4.6492486,13.947745,0.021822361,12.770803,0.98297954,-12.553439,1.0,0.9987879,0.25,0.009136996,-22.30967,-22.32405,-7.597321,4557.946,8.852383,2.0788045e-14,0.0036465195178985595,2375.387293577194,535000
14.622238,-4.6241503,13.872452,0.011783123,3.6462734,0.7497866,-2.7339277,1.0,0.9995737,0.86621094,0.0012280897,-22.145538,-22.167982,0.8145858,387.52884,6.800722,2.2096728e-08,0.12711407,-0.1065161,1.029438,15.014795,-4.678338,14.035014,0.03345827,12.284601,0.97978145,-12.036225,1.0,0.9987669,0.24414062,0.00931947,-22.19543,-22.209692,-7.6046104,1272.3776,7.4780116,9.999046e-16,0.003638604211807251,2393.580319881439,540000
14.602397,-4.6233683,13.870104,0.01147015,3.5867288,0.7322934,-2.6265388,1.0,0.9996147,0.87597656,0.0011654136,-22.39272,-22.41541,0.8184186,238.62189,6.696397,7.2677397e-09,0.10936208,-0.106315516,1.0304627,14.959386,-4.660741,13.9822235,0.026419444,12.346503,0.9771623,-12.064539,1.0,0.99879456,0.28515625,0.008808823,-22.384354,-22.399366,-7.026632,22532.041,19.357914,4.81952e-14,0.003645995855331421,2411.810302257538,545000
14.641904,-4.623736,13.871208,0.011617324,3.789113,0.7706957,-2.920254,1.0,0.99957275,0.85546875,0.0011926655,-22.170444,-22.192966,0.86761284,264.28366,6.594618,7.2149726e-07,0.07637246,-0.0839687,0.8354231,14.958209,-4.6586514,13.975954,0.02558344,12.35047,0.9822547,-12.131308,1.0,0.99876595,0.25,0.009103762,-22.234892,-22.2494,-7.3936553,4129.8345,6.7918344,3.8562573e-15,0.0036446741580963135,2430.033675670624,550000
14.631763,-4.6236906,13.871072,0.011599146,3.6466155,0.7606918,-2.7739513,1.0,0.99956036,0.8544922,0.001237273,-22.415432,-22.438047,0.71922183,623.4975,6.2347374,2.4552166e-10,0.09959516,-0.093446,0.8764296,14.937104,-4.6521463,13.956439,0.02298144,12.587397,0.9806654,-12.344025,1.0,0.9987116,0.25195312,0.00920171,-22.364357,-22.37904,-7.3443027,7821.891,12.0978985,2.331817e-14,0.0036381351470947264,2448.2243552207947,555000
14.6228285,-4.625185,13.875555,0.012196952,3.786586,0.7472733,-2.8296156,1.0,0.9995842,0.87597656,0.001175224,-22.32018,-22.342829,0.8456693,133.04443,6.411152,6.738135e-08,0.08752929,-0.11717458,0.9823215,14.941749,-4.6548395,13.964518,0.024058664,12.471897,0.9772314,-12.18793,1.0,0.998744,0.24121094,0.009250086,-22.304089,-22.318604,-7.4553747,12166.142,19.219032,2.7926778e-14,0.003646204662322998,2466.4553821086884,560000
14.611072,-4.6234965,13.870489,0.011521543,3.7632573,0.74058264,-2.7870035,1.0,0.9995136,0.83691406,0.0012836668,-22.248117,-22.270586,0.73798895,103.41432,5.8731055,1.1325853e-06,0.11144397,-0.0902483,0.918342,14.937828,-4.6513786,13.954136,0.022674328,12.567553,0.98369247,-12.362608,1.0,0.9988003,0.25,0.00908558,-22.243195,-22.257647,-7.4593725,5146.637,10.320955,3.3422e-14,0.003637466382980347,2484.6427183151245,565000
14.609448,-4.6267567,13.88027,0.012825641,3.4301527,0.7291786,-2.5011947,1.0,0.9995842,0.87402344,0.0011296864,-22.312206,-22.334814,0.8171158,432.1461,6.380149,1.5980987e-08,0.08421165,-0.115599975,0.9801415,14.953195,-4.656297,13.968891,0.024641799,12.496446,0.98430383,-12.300301,1.0,0.99879265,0.2763672,0.0087367315,-22.253262,-22.268064,-7.11053,1988.0018,5.888245,2.2660972e-13,0.003646437406539917,2502.874908924103,570000
14.615537,-4.623481,13.870441,0.011515225,3.4576178,0.7450949,-2.576254,1.0,0.9995632,0.8623047,0.001175113,-22.380154,-22.402756,0.73929536,185.41573,5.6975374,2.2437825e-05,0.068942696,-0.11360803,0.960601,14.943875,-4.6526995,13.958098,0.02320276,12.645885,0.9857773,-12.466028,1.0,0.9987869,0.2548828,0.008957676,-22.316261,-22.33095,-7.2900486,6296.9937,11.573815,4.1781767e-14,0.0036465786457061766,2521.1078078746796,575000
14.635024,-4.624052,13.872155,0.011743741,3.7738667,0.7628687,-2.8789656,1.0,0.9996004,0.8613281,0.0011338746,-22.49453,-22.51735,0.85016525,214.6652,6.1251583,3.708791e-06,0.081054606,-0.08476417,0.97133714,14.93359,-4.6509132,13.952741,0.022488438,12.189291,0.9808493,-11.955858,1.0,0.9987955,0.265625,0.0087430775,-22.47433,-22.489452,-7.006865,4770.959,9.56819,6.1872496e-15,0.0036393418312072752,2539.304520368576,580000
14.601027,-4.622797,13.868391,0.011241718,3.4896183,0.7326357,-2.5566196,1.0,0.9995489,0.84277344,0.0012616704,-22.321486,-22.343998,0.70851904,606.41644,6.2309804,5.007393e-09,0.09697411,-0.06989573,0.930786,14.922371,-4.6478558,13.943566,0.021265185,12.341338,0.9788046,-12.07976,1.0,0.9987755,0.24609375,0.009260675,-22.34939,-22.363821,-7.584762,1392.2854,7.9569063,1.0358769e-14,0.003648161029815674,2557.545330286026,585000
14.619257,-4.624668,13.874004,0.011990153,3.4705055,0.74525297,-2.5864053,1.0,0.99958897,0.8623047,0.0011865213,-22.2673,-22.289772,0.72138417,204.14226,5.86967,5.220688e-07,0.096430905,-0.12530208,1.0438324,14.946962,-4.654308,13.962923,0.02384609,12.431208,0.984039,-12.232794,1.0,0.99883366,0.26171875,0.0092026815,-22.420094,-22.434439,-7.7456355,3723.0967,13.555686,1.6504942e-13,0.003638417148590088,2575.7374198436737,590000
14.6341095,-4.623836,13.871508,0.0116574345,3.685916,0.7626018,-2.8108869,1.0,0.9995527,0.8408203,0.0012441776,-22.130165,-22.152536,0.7572037,404.89346,6.176692,1.7364823e-10,0.12833197,-0.13637815,1.0281187,14.988045,-4.6686516,14.005954,0.02958352,12.447239,0.9820905,-12.224316,1.0,0.9987583,0.26367188,0.009238875,-22.25144,-22.265738,-7.6264176,1329.3105,5.793557,3.4366008e-13,0.0036433693885803225,2593.9542717933655,595000
14.61535,-4.6231384,13.869415,0.011378376,3.5659766,0.7459342,-2.6599846,1.0,0.9995823,0.86621094,0.0011693406,-22.320864,-22.343405,0.73900354,214.10744,5.820853,6.135479e-09,0.2035457,-0.066216804,1.0655859,14.96529,-4.6594152,13.978246,0.025889045,12.631277,0.98704416,-12.467629,1.0,0.998744,0.22949219,0.009390574,-22.361145,-22.375433,-7.745321,1468.9619,6.8686495,9.922549e-14,0.00364583477973938,2612.183450937271,600000
14.625472,-4.622857,13.868569,0.011265646,3.5033088,0.75690264,-2.6516645,1.0,0.99956703,0.86328125,0.001196212,-22.353241,-22.37576,0.68457294,140.87569,5.551198,4.4294584e-06,0.19884181,-0.1311661,1.1495973,14.994827,-4.6701136,14.010341,0.030168315,12.483553,0.98448664,-12.289892,1.0,0.99879265,0.23828125,0.008958627,-22.45035,-22.46503,-7.4312105,6178.3735,10.2266655,2.5381978e-14,0.01748960041999817,2699.631458044052,605000
14.577345,-4.621745,13.865235,0.010821036,3.2725577,0.71210957,-2.3304205,1.0,0.99958324,0.86035156,0.0011144723,-22.412895,-22.435633,0.84716487,284.4443,5.91113,2.29383e-06,0.05455192,-0.09826576,1.0298638,14.943966,-4.6525083,13.957525,0.023126293,12.580335,0.98644096,-12.409759,1.0,0.9987984,0.2734375,0.008871765,-22.297844,-22.312424,-7.38588,1614.6835,6.5930233,1.4897924e-13,0.003632636785507202,2717.7946469783783,610000
14.64084,-4.623002,13.869007,0.011323894,3.6808407,0.7718327,-2.8409941,1.0,0.9995575,0.8691406,0.0011881047,-22.418694,-22.441257,0.6654627,375.67892,5.438683,5.533054e-06,0.085064635,-0.110808246,0.9913309,14.948669,-4.6553802,13.966141,0.024275025,12.760279,0.9825283,-12.537336,1.0,0.9987526,0.24511719,0.0091840075,-22.367498,-22.382038,-7.4941387,3251.4985,7.370825,6.894393e-14,0.0036318053245544433,2735.953677177429,615000
14.625292,-4.6227436,13.868232,0.011220472,3.649312,0.7570604,-2.7627504,1.0,0.9995575,0.84472656,0.0011961893,-22.363283,-22.38588,0.7529828,147.02028,5.926899,2.932698e-06,0.09300655,-0.10465097,0.8742867,14.953687,-4.6556845,13.967052,0.024396624,12.22491,0.9866343,-12.061516,1.0,0.99875546,0.25097656,0.008906494,-22.407654,-22.42248,-7.2402215,780.08716,5.2430887,3.1511354e-14,0.003637459897994995,2754.1409821510315,620000
14.61582,-4.624172,13.872517,0.011791808,3.483621,0.7433034,-2.589388,1.0,0.9995556,0.8564453,0.0011915916,-22.532536,-22.55531,0.7661467,343.69025,6.2466507,1.372434e-07,0.09142821,-0.11820089,0.9541984,14.957533,-4.6573696,13.97211,0.025070885,12.925615,0.98542327,-12.737204,1.0,0.9988117,0.25976562,0.009160209,-22.585587,-22.600195,-7.642209,2931.786,8.534796,1.1315643e-13,0.003639106369018555,2772.33651804924,625000
14.59289,-4.6229544,13.868862,0.011304612,3.6469526,0.72402805,-2.6404967,1.0,0.9995985,0.8642578,0.0011656417,-22.389927,-22.412697,0.90611374,100.98708,6.5837374,3.1451946e-06,0.11247747,-0.14519016,0.9222228,14.9355755,-4.65195,13.955849,0.022902759,12.517519,0.97972655,-12.263746,1.0,0.99870014,0.25976562,0.009217487,-22.378757,-22.39353,-7.265519,4833.177,14.71343,8.7147095e-15,0.003641466522216797,2790.543854236603,630000
14.609142,-4.6232395,13.869718,0.011418687,3.5118203,0.739425,-2.5967286,1.0,0.99952793,0.8408203,0.0012168634,-22.492025,-22.514843,0.8512517,533.1411,6.902829,2.877021e-05,0.13023521,-0.09293349,0.94462085,14.948454,-4.6554136,13.966242,0.024288539,12.845345,0.98221207,-12.616854,1.0,0.99874973,0.25585938,0.009296931,-22.365505,-22.37992,-7.620722,475.866,3.9075298,2.6230892e-13,0.003644264030456543,2808.7651782035828,635000
14.641634,-4.6241407,13.872421,0.011779118,3.843504,0.7692129,-2.9564736,1.0,0.9995794,0.8544922,0.0011784108,-22.3432,-22.365747,0.7233999,230.99635,5.893879,1.6839912e-06,0.06972138,-0.08699438,0.93538475,14.939341,-4.6513057,13.953917,0.02264515,12.823465,0.98542356,-12.636545,1.0,0.9987707,0.25878906,0.008987304,-22.473976,-22.488852,-7.2548256,4761.0596,9.275546,2.7154938e-15,0.003642348384857178,2826.9769237041473,640000
14.665064,-4.625143,13.875428,0.0121800825,3.8447583,0.78963584,-3.0359597,1.0,0.9995518,0.85058594,0.0012174959,-22.501728,-22.524292,0.58251053,89.528786,4.9585238,3.7706933e-08,0.10515923,-0.08954235,1.1022365,15.023179,-4.6795573,14.0386715,0.03394587,12.588497,0.9845076,-12.393473,1.0,0.99875355,0.26367188,0.009523422,-22.640299,-22.654589,-8.02416,2861.07,6.566307,3.5182903e-14,0.00363900351524353,2845.171944618225,645000
14.590401,-4.6227856,13.868358,0.011237323,3.6109955,0.72204345,-2.6072962,1.0,0.9995785,0.8544922,0.0011971405,-22.493767,-22.516573,0.8393935,566.965,6.687023,3.3717097e-07,0.080170825,-0.083916724,0.8160806,14.948386,-4.655895,13.967685,0.024480997,12.695984,0.98070186,-12.450976,1.0,0.99878216,0.27148438,0.008940552,-22.563599,-22.578674,-7.141982,925.073,6.7957745,6.4631575e-14,0.0036427818298339844,2863.385859966278,650000
14.638368,-4.6233387,13.870016,0.011458398,3.5858583,0.7683514,-2.7552,1.0,0.9995985,0.8623047,0.0011664144,-22.548592,-22.571293,0.67551124,121.35236,5.4128957,2.4215487e-07,0.08503586,-0.097728394,0.8994655,14.956564,-4.6580143,13.974044,0.02532879,12.594165,0.98251975,-12.374017,1.0,0.9988308,0.26367188,0.008852087,-22.61737,-22.632301,-7.3418694,20192.623,18.383207,7.286005e-13,0.0036427318572998047,2881.599527359009,655000
14.638218,-4.6239963,13.871987,0.011721346,3.6806157,0.7662307,-2.8202014,1.0,0.9995718,0.859375,0.0012083151,-22.68205,-22.704903,0.69408697,224.14058,5.8764424,1.1937236e-09,0.2303738,-0.090862,1.1821945,15.027789,-4.6810627,14.043187,0.03454793,12.486197,0.98460203,-12.293936,1.0,0.9987993,0.24707031,0.00914068,-22.627523,-22.642267,-7.5455832,8370.539,11.155416,5.98913e-14,0.003642175531387329,2899.8104088306427,660000
14.606147,-4.620766,13.862299,0.010429486,3.4819555,0.7438477,-2.5900455,1.0,0.999588,0.8535156,0.0011329402,-22.575726,-22.59859,0.8146666,317.72876,6.6226344,3.883343e-09,0.077740945,-0.18706003,1.0179094,14.950484,-4.656011,13.968033,0.024527404,12.652204,0.9824513,-12.430176,1.0,0.9987564,0.24804688,0.009104935,-22.588455,-22.603163,-7.541444,2123.6965,7.3283696,2.423445e-13,0.003737514925003052,2918.497986793518,665000
14.645352,-4.6230364,13.869108,0.011337337,3.6670358,0.7762446,-2.8465176,1.0,0.9995909,0.8564453,0.0011523402,-22.564816,-22.58767,0.813233,205.34625,6.114958,3.776701e-09,0.13344005,-0.07152773,0.9537878,14.938932,-4.653636,13.960908,0.02357728,12.474273,0.9780246,-12.200146,1.0,0.9987669,0.23632812,0.009223923,-22.594452,-22.609121,-7.5899334,4085.0227,9.441021,1.0740156e-13,0.0037538144588470457,2937.2670624256134,670000
14.583693,-4.62199,13.8659725,0.0109192375,3.2387662,0.71772027,-2.3245287,1.0,0.99959946,0.8671875,0.001105398,-22.599178,-22.622152,0.9018263,237.86925,6.5413494,3.0314586e-06,0.08790166,-0.08786838,0.90298164,14.9677305,-4.662375,13.987125,0.027072972,12.495601,0.98060495,-12.253248,1.0,0.99880695,0.27246094,0.009027684,-22.286045,-22.300611,-7.384246,7618.585,13.686933,4.5232066e-13,0.00373639178276062,2955.9490265846252,675000
14.627715,-4.625092,13.875276,0.012159678,3.5407152,0.7524392,-2.6641736,1.0,0.9995651,0.86621094,0.0012138186,-22.52323,-22.546011,0.78044015,300.06482,6.5951924,8.7870795e-08,0.11974722,-0.067645736,1.029029,14.936677,-4.6503572,13.951072,0.022265919,12.829502,0.985605,-12.644822,1.0,0.9987812,0.25195312,0.009244103,-22.565376,-22.579992,-7.614043,18375.496,14.859913,3.2747337e-13,0.0036727068424224855,2974.312564134598,680000
14.622141,-4.623825,13.871475,0.011653101,3.5448256,0.7506661,-2.6609812,1.0,0.9995613,0.86035156,0.0011358222,-22.567638,-22.590572,0.8923187,269.55493,6.1764355,4.5694087e-05,0.124636136,-0.069653854,0.97032416,14.97524,-4.664176,13.992527,0.027793294,12.742301,0.982713,-12.522026,1.0,0.99877167,0.26660156,0.009057946,-22.610123,-22.62489,-7.506674,1292.085,4.445261,9.136252e-14,0.003648723554611206,2992.556186437607,685000
14.625781,-4.621954,13.865862,0.0109045,3.5081167,0.75991935,-2.6658864,1.0,0.9995785,0.8769531,0.001127992,-22.616955,-22.639769,0.71869045,93.58292,5.191394,8.863103e-06,0.08221136,-0.08852264,0.96518576,14.944667,-4.6527953,13.958385,0.023241002,12.65354,0.9862815,-12.479954,1.0,0.99878407,0.23828125,0.009312443,-22.518389,-22.53279,-7.7871246,5376.5273,9.397668,1.5744276e-15,0.0037037707805633543,3011.0750439167023,690000
14.617842,-4.623417,13.87025,0.011489623,3.6648178,0.7475917,-2.739788,1.0,0.9995775,0.8720703,0.0011671952,-22.536572,-22.559402,0.8205769,273.72345,6.4295163,3.6381453e-10,0.18741588,-0.08944392,1.0410017,14.978682,-4.6640673,13.992202,0.027749866,12.825737,0.98647964,-12.652329,1.0,0.9987488,0.23730469,0.009405207,-22.514933,-22.529373,-7.741369,5928.2974,12.867687,1.6158949e-15,0.003706016683578491,3029.6051318645477,695000
14.608497,-4.623063,13.869189,0.011348206,3.4000235,0.7393073,-2.5136628,1.0,0.9995966,0.87597656,0.0011255033,-22.56548,-22.58821,0.68623805,358.74515,5.900829,5.049984e-07,0.079409316,-0.09287983,1.0098472,14.977764,-4.664065,13.992195,0.027748918,13.037691,0.9855686,-12.849539,1.0,0.99878407,0.2578125,0.009177546,-22.733782,-22.748547,-7.626998,13236.736,15.353765,7.3138685e-16,0.0037179293632507325,3048.1947827339172,700000
14.658496,-4.6237264,13.871178,0.011613389,3.9661713,0.78731793,-3.1226385,1.0,0.999609,0.8730469,0.0011071027,-22.498573,-22.521448,0.9027753,304.44492,6.591014,1.3451786e-06,0.06928512,-0.20067611,1.105162,14.96872,-4.6626377,13.987913,0.027178043,12.548922,0.9808073,-12.308075,1.0,0.9987469,0.25195312,0.009357089,-22.615131,-22.629705,-7.7038555,7924.1455,17.855099,1.691359e-14,0.018124796628952028,3138.8187704086304,705000
14.629934,-4.622519,13.867556,0.011130499,3.4900496,0.76237833,-2.660739,1.0,0.99958324,0.87109375,0.0011071807,-22.44786,-22.470673,0.8863908,14431.704,12.856777,5.0373937e-06,0.15372714,-0.13000885,1.0283803,14.96669,-4.6611967,13.983591,0.026601687,12.52363,0.9830994,-12.311974,1.0,0.9987898,0.26367188,0.009238191,-22.555714,-22.57035,-7.582699,3087.7832,8.018034,2.0111374e-14,0.0037085560321807863,3157.3615550994873,710000
14.597956,-4.6242857,13.872856,0.011837226,3.5957055,0.72509974,-2.607246,1.0,0.9995756,0.86328125,0.0011494737,-22.607704,-22.630587,0.80116254,176.96474,5.7877474,9.697303e-09,0.054507572,-0.07948332,0.87358135,14.956241,-4.658977,13.976931,0.025713742,12.479453,0.97931,-12.221254,1.0,0.9987583,0.23046875,0.00936318,-22.518877,-22.533333,-7.7294827,1631.4064,7.698544,1.8673065e-14,0.00371701545715332,3175.9466366767883,715000
14.630042,-4.6238236,13.871471,0.011652454,3.636104,0.7585708,-2.758243,1.0,0.9995756,0.8828125,0.0011448493,-22.568413,-22.591246,0.78720176,755.2296,6.017829,5.6385793e-06,0.14453349,-0.12686834,0.9950606,14.969828,-4.6607146,13.982143,0.02640886,12.885802,0.9876838,-12.727098,1.0,0.9988098,0.22070312,0.009406704,-22.65506,-22.669424,-7.9634595,5085.896,8.826904,2.4637143e-12,0.003724971628189087,3194.5714988708496,720000
14.598684,-4.6243033,13.87291,0.011844205,3.35784,0.7257747,-2.437036,1.0,0.9995861,0.87597656,0.0011250104,-22.574663,-22.597519,0.80746627,475.87918,6.3376613,6.3570366e-10,0.07942817,-0.085038066,0.9746345,14.92616,-4.6477194,13.94316,0.021210993,12.786623,0.9829999,-12.56925,1.0,0.9987564,0.26464844,0.009237522,-22.589312,-22.603937,-7.6283426,981.7873,5.7536902,3.7866654e-15,0.003740943241119385,3213.276218652725,725000
14.5631695,-4.6228304,13.86849,0.011254984,3.3542352,0.69467956,-2.3301191,1.0,0.9995966,0.8535156,0.0011583134,-22.689611,-22.712635,0.8630227,351.11993,6.230221,1.1881793e-06,0.084928066,-0.09582606,0.79298997,14.930107,-4.6490545,13.947165,0.02174491,12.948,0.9829425,-12.72714,1.0,0.9988098,0.2529297,0.009109175,-22.593195,-22.60792,-7.528787,8052.625,15.848737,3.046036e-13,0.003773498821258545,3232.1437163352966,730000
14.620874,-4.624645,13.873936,0.011980951,3.499723,0.74693835,-2.614078,1.0,0.9995775,0.8544922,0.001143821,-22.530508,-22.55337,0.8575022,182.36703,6.094389,2.7623391e-06,0.11539426,-0.108595565,1.1319413,14.941817,-4.652339,13.957018,0.023058621,12.597761,0.98479974,-12.406273,1.0,0.99873734,0.23632812,0.009588938,-22.60978,-22.624037,-8.023891,850.298,4.7161446,4.0959746e-13,0.003792379426956177,3251.1056184768677,735000
14.623457,-4.6230044,13.869014,0.011324777,3.6260645,0.7544431,-2.73566,1.0,0.99958706,0.86621094,0.0011101577,-22.568829,-22.591738,0.8642448,476.5545,6.3792586,7.2617995e-06,0.08655911,-0.07414238,0.9194202,14.940496,-4.652626,13.957878,0.023173302,12.48696,0.98261833,-12.2699175,1.0,0.998786,0.2734375,0.009073336,-22.518818,-22.53359,-7.404851,15817.722,19.67659,1.0978788e-15,0.003782919216156006,3270.020217895508,740000
14.626694,-4.6247673,13.874303,0.012029986,3.5805192,0.7523907,-2.69395,1.0,0.99958134,0.86328125,0.0011515035,-22.64124,-22.664093,0.7395127,314.41846,5.978645,1.8533983e-05,0.17137963,-0.1488596,1.2123735,14.944752,-4.653233,13.959699,0.023416145,12.987935,0.9850528,-12.793802,1.0,0.99880886,0.25683594,0.009277511,-22.741123,-22.75568,-7.8493786,778.9093,3.928917,1.2201568e-13,0.0037782421112060546,3288.911431312561,745000
14.607908,-4.6224403,13.867321,0.011099063,3.4754338,0.7405868,-2.5738611,1.0,0.9995823,0.8535156,0.0011489183,-22.555645,-22.57845,0.7724955,307.62466,5.6898236,1.6086704e-05,0.12782845,-0.10611857,1.0153596,14.94996,-4.6563654,13.969096,0.02466909,12.631365,0.98086363,-12.3896475,1.0,0.99878025,0.25,0.009139365,-22.600996,-22.615751,-7.5069323,3135.6462,7.5442257,3.818605e-16,0.004045690345764161,3309.139888048172,750000
14.605939,-4.6237926,13.871379,0.0116401035,3.5684052,0.7345603,-2.6212094,1.0,0.99956894,0.8613281,0.0011719794,-22.50475,-22.52752,0.79224813,397.45462,6.015259,4.598045e-05,0.10796593,-0.13046412,1.0326221,14.937888,-4.651713,13.955138,0.022808043,12.731135,0.9827499,-12.511523,1.0,0.9987993,0.24902344,0.009118788,-22.75459,-22.769384,-7.6194334,2255.6238,7.1385303,4.5769565e-15,0.004199997663497925,3330.139878988266,755000
14.621547,-4.623539,13.870617,0.011538564,3.583798,0.7509299,-2.6911817,1.0,0.9995928,0.8730469,0.0011078775,-22.677254,-22.700157,0.7527438,463.18164,5.850775,5.91893e-05,0.093769796,-0.11512934,0.98317564,14.969252,-4.662735,13.988206,0.027217073,13.035615,0.9810453,-12.78853,1.0,0.99876404,0.24511719,0.0093497895,-22.72511,-22.739756,-7.741739,4583.0605,9.292536,4.5222896e-14,0.0042099884033203125,3351.189824819565,760000
14.634205,-4.622749,13.868246,0.011222504,3.6328387,0.76595885,-2.7826056,1.0,0.99953556,0.8496094,0.0012142805,-22.635868,-22.658587,0.6066524,211.44478,5.296118,1.5010915e-08,0.12623206,-0.0978732,1.1040106,14.93435,-4.6515946,13.954784,0.022760952,12.555981,0.9795659,-12.299412,1.0,0.9988251,0.2607422,0.009203249,-22.54624,-22.560762,-7.688498,7150.756,10.066201,1.5633842e-13,0.004220634412765503,3372.293001651764,765000
14.626696,-4.622222,13.866666,0.011011741,3.3480039,0.7600296,-2.5445828,1.0,0.9995537,0.8671875,0.0011340851,-22.776163,-22.799162,0.7515663,250.58412,5.544935,8.29691e-07,0.26936638,-0.12125179,1.2657924,14.967568,-4.6621704,13.98651,0.026991013,12.392918,0.9810581,-12.158174,1.0,0.9987831,0.2578125,0.009062564,-22.688236,-22.703085,-7.497221,3306.0518,7.7846932,2.1294622e-14,0.004222864532470703,3393.4073326587677,770000
14.632012,-4.623521,13.8705635,0.011531401,3.4937286,0.7614487,-2.6602957,1.0,0.9995737,0.86328125,0.0011328117,-22.724384,-22.747358,0.77549875,1444.3953,6.4416194,5.6390716e-05,0.1055833,-0.194253,1.1057439,14.940033,-4.651773,13.955318,0.022832084,12.952106,0.9847146,-12.754129,1.0,0.99880314,0.25976562,0.0089724995,-22.765284,-22.78021,-7.494935,10946.37,12.415603,3.1232514e-14,0.004206685972213745,3414.440767288208,775000
14.580377,-4.6225233,13.867571,0.011132344,3.4061341,0.7128057,-2.4279125,1.0,0.9995785,0.8652344,0.0012050357,-22.5972,-22.620054,0.7819334,159.18141,6.189026,2.4746171e-08,0.18740514,-0.1280716,1.2456621,14.978508,-4.665762,13.997286,0.02842766,12.910313,0.9812223,-12.667888,1.0,0.99871635,0.24707031,0.009567,-22.731724,-22.746283,-7.838502,1340.9093,8.2354145,9.347593e-15,0.0042047286510467526,3435.4644162654877,780000
14.630403,-4.624213,13.87264,0.0118083535,3.6940153,0.7577628,-2.799188,1.0,0.99958134,0.8691406,0.0011180959,-22.686958,-22.709936,0.8200879,298.64938,6.163878,3.0471816e-07,0.07531841,-0.12062757,0.9269239,14.933773,-4.649926,13.9497795,0.02209346,12.978734,0.9839932,-12.770987,1.0,0.9988556,0.25976562,0.008779228,-22.61908,-22.634089,-7.265373,5288.036,6.7591953,9.548982e-13,0.0042175655364990235,3456.5522532463074,785000
